Tarikh,Masa,Fasa_Bulan,Saiz_Bulan_km,Permukaan_terang_%,Jarak_Bulan_km,Paras_Air_m,Ikan_Ditangkap,Hujan,Magnitud_Gempa
2023-01-01,00:00:00,First Quarter,3474.244088486343,0.0,387258.7610969286,-1.6587637335374987,2,Tidak,1.654586450011994
2023-01-01,06:00:00,Waning Crescent,3470.894479624605,38.708690096901194,385297.09945765935,1.1276541145398067,6,Tidak,2.0422753998860292
2023-01-01,12:00:00,New Moon,3470.271816071532,54.415361333160035,385494.2588831155,-0.13603721527620705,4,Tidak,1.8197467853760934
2023-01-01,18:00:00,Waxing Crescent,3471.8076922304413,54.31510075430475,383414.5478594418,-1.601664884814059,9,Hujan,2.1698213795511405
2023-01-02,00:00:00,Full Moon,3471.3770046430323,24.955873489215964,383087.1961571557,1.4539403502459165,3,Hujan,2.967306024640256
2023-01-02,06:00:00,Waning Crescent,3472.650001124477,100.0,383572.4657289019,-1.7024165543620835,7,Tidak,2.040893916816574
2023-01-02,12:00:00,First Quarter,3471.5295945786797,0.321997005667221,383386.9094117323,-0.40681687405416667,8,Hujan,2.027079064480769
2023-01-02,18:00:00,Waxing Gibbous,3471.5223717957706,47.698618472796824,386131.91415295587,1.2214090215143938,5,Hujan,2.584261176727257
2023-01-03,00:00:00,Waxing Crescent,3470.558706380878,24.816898868777677,384572.3292411306,-0.0042983733706116745,4,Hujan,1.4925652699037177
2023-01-03,06:00:00,Full Moon,3471.2494950694004,39.533989780145234,383356.9957554394,2.3364288359196292,10,Tidak,2.4876998095352736
2023-01-03,12:00:00,Waxing Gibbous,3474.588149489183,48.05062510005557,381349.6542221938,0.8032221114994682,6,Hujan,2.9903137243419975
2023-01-03,18:00:00,Waning Gibbous,3471.3207342662668,30.519480829054267,385378.93885287334,-1.653075920137022,2,Hujan,2.9842941063144472
2023-01-04,00:00:00,Waning Gibbous,3473.5888684373676,51.76066085655243,381790.4328713319,-1.1174768012500065,7,Hujan,2.468165801032701
2023-01-04,06:00:00,First Quarter,3474.328575170951,5.875575613786808,385219.3950953119,-1.5479586250475648,2,Tidak,2.811294050246277
2023-01-04,12:00:00,First Quarter,3474.0353974112268,22.544820349052074,385311.6154306803,1.0868360518655522,5,Tidak,1.5835680507420762
2023-01-04,18:00:00,Full Moon,3471.052752913294,56.36749744738315,382243.8200302535,0.8718301071003842,6,Tidak,2.0573908412012227
2023-01-05,00:00:00,Waning Crescent,3470.8362151572824,14.549502563690176,382192.8515302982,0.24537631538524085,2,Hujan,2.113551612734851
2023-01-05,06:00:00,New Moon,3470.2335319584104,57.7120779770582,383936.18410515797,0.6973575821008073,3,Tidak,1.6975855151686217
2023-01-05,12:00:00,Waning Crescent,3470.1971115587876,32.61130060333501,385915.368312516,0.7192385463221229,3,Tidak,1.864219812872644
2023-01-05,18:00:00,Last Quarter,3471.001154048877,17.36469583493833,382579.90270728234,1.3167464584782436,6,Tidak,1.954859762012929
2023-01-06,00:00:00,New Moon,3474.9927170136357,48.34980305985883,382924.9960141632,0.7486285647683646,3,Tidak,1.2820959678214456
2023-01-06,06:00:00,First Quarter,3471.8639348916395,29.319264490648262,383215.8870893485,1.3631323583194854,3,Tidak,2.3578924317235206
2023-01-06,12:00:00,New Moon,3473.802551369645,92.20560205233215,385367.68892826873,2.0046119076320164,3,Tidak,2.1437504326591292
2023-01-06,18:00:00,Waxing Gibbous,3472.367372213416,51.01949937639083,386557.1818490029,1.6360964223319274,7,Tidak,1.6536255961436852
2023-01-07,00:00:00,Waning Crescent,3472.548576529088,90.23050199401868,386793.36455842137,-1.1625522271197424,5,Hujan,2.460288332330799
2023-01-07,06:00:00,New Moon,3474.725192085952,25.627565917144697,387211.6219050197,0.9032803113676509,2,Hujan,2.1919345219930984
2023-01-07,12:00:00,New Moon,3470.5472332417094,76.64688771764385,381945.6444941697,-1.1637739209564384,4,Tidak,1.8985108167103912
2023-01-07,18:00:00,First Quarter,3472.325465803824,48.64884861911128,382578.44721494796,0.9661897873691694,4,Hujan,1.6964293499529017
2023-01-08,00:00:00,New Moon,3470.707776299504,66.9908509651003,385518.89730126853,-1.8541150741223054,5,Tidak,1.7603137497659231
2023-01-08,06:00:00,Waxing Crescent,3472.691743810785,35.560785695659405,386417.6530654728,-0.2444142096033044,10,Hujan,1.5033053356076216
2023-01-08,12:00:00,Waxing Crescent,3471.494993282501,78.37803444564511,384919.915120857,2.4345775191637404,6,Tidak,2.3106959607542192
2023-01-08,18:00:00,Full Moon,3472.6887260970943,100.0,382299.7741133513,2.253956149186628,5,Hujan,1.1813464182176083
2023-01-09,00:00:00,First Quarter,3473.328137689124,29.77173386511033,382319.7766015714,2.2478698800904118,6,Tidak,1.6455681207178305
2023-01-09,06:00:00,New Moon,3471.821644002841,26.879656443390225,381059.22649061435,-1.1759280274301385,4,Hujan,1.1209377179628466
2023-01-09,12:00:00,Full Moon,3473.115093096673,100.0,385812.0403829547,-0.36020951554869574,5,Tidak,1.9515005695904135
2023-01-09,18:00:00,Waning Crescent,3473.213624426226,20.105406021941295,384336.6419729538,0.11753363517564486,10,Tidak,1.4237115197673373
2023-01-10,00:00:00,New Moon,3472.099909100487,44.15812119223689,384941.314096541,-0.25319678703289394,1,Tidak,1.855351616360601
2023-01-10,06:00:00,New Moon,3472.016212170051,31.894353596448333,384575.71493901033,0.6574122725760909,11,Hujan,1.477073658742348
2023-01-10,12:00:00,Waning Gibbous,3471.9521016304825,8.68371089630427,383762.2672366902,-1.480686206781252,8,Tidak,1.8693256195546195
2023-01-10,18:00:00,Waxing Crescent,3472.0309476123625,36.94514167189729,384574.29329888505,-0.6199206756723237,6,Tidak,2.2510759562221505
2023-01-11,00:00:00,Full Moon,3470.3983305269494,44.530416974130205,387347.6308171586,1.415235280745566,4,Tidak,2.1862294093931274
2023-01-11,06:00:00,Waning Gibbous,3470.2841560070606,0.0,387400.5670266548,1.5649030643085067,8,Tidak,1.34153290266902
2023-01-11,12:00:00,Waning Crescent,3470.3916545431653,75.85058632649975,384661.86455540336,-0.8450994571419599,7,Tidak,0.44357397301921253
2023-01-11,18:00:00,First Quarter,3473.4783890531958,51.02416654272646,385108.6390121454,-1.0730838442547788,5,Tidak,2.336436259030127
2023-01-12,00:00:00,First Quarter,3470.145794804526,0.0,384261.9270740723,-0.33563023025801786,3,Hujan,2.468113110246403
2023-01-12,06:00:00,Waxing Crescent,3472.4974620986454,48.698168307740495,385204.5891763141,-0.695485258623554,3,Tidak,1.2644704560357807
2023-01-12,12:00:00,Waning Gibbous,3470.6631715887224,100.0,383325.91034358414,-1.3745555930484656,6,Hujan,1.7220683477929335
2023-01-12,18:00:00,Full Moon,3470.153778167729,23.54580258996576,386406.7140761378,1.0168258128502088,3,Tidak,2.1668262493512773
2023-01-13,00:00:00,New Moon,3473.1974471415692,50.400476212459296,384915.4148209245,-1.0860347041606375,1,Tidak,1.7409987231734292
2023-01-13,06:00:00,New Moon,3472.229990737598,91.40083398201858,385814.8257033822,1.7824764912396804,10,Hujan,2.1151929971933554
2023-01-13,12:00:00,First Quarter,3474.873033178598,0.0,381790.2753139254,0.17110357005262067,4,Tidak,1.8233171666062054
2023-01-13,18:00:00,Waning Gibbous,3471.648829661858,80.7018543778625,382877.77544710337,-0.46426677464194155,4,Tidak,1.7929450447331767
2023-01-14,00:00:00,Waxing Gibbous,3470.977124116066,96.81716004470034,384821.6351505985,0.4339425190100017,3,Hujan,2.559999734751755
2023-01-14,06:00:00,First Quarter,3473.420231061567,87.515659832896,388090.613135419,1.9090544704598105,8,Hujan,2.2507126893117597
2023-01-14,12:00:00,Waxing Gibbous,3471.7554942863358,17.207641767272634,381481.1435956752,1.4018478854128578,5,Tidak,1.6422426618123214
2023-01-14,18:00:00,Waxing Gibbous,3473.855180566696,68.51302634997633,383469.6936765381,-0.8603804154484718,6,Tidak,0.4487837777726704
2023-01-15,00:00:00,First Quarter,3473.9589975068475,44.258400406234216,384213.9276870432,0.4971030903595173,1,Tidak,1.8614580207416278
2023-01-15,06:00:00,Full Moon,3472.219372945627,87.94478879992354,382597.11663267825,0.9574527653981182,2,Tidak,2.3126222021361436
2023-01-15,12:00:00,Full Moon,3471.344141506291,78.29578650090747,384900.2122295523,1.86130094871036,5,Hujan,1.8762042634721
2023-01-15,18:00:00,Waxing Crescent,3470.1195221102726,38.78900110896869,383717.8292408376,-0.1274611440858484,6,Tidak,1.671955606841307
2023-01-16,00:00:00,Waxing Crescent,3471.856662828839,47.94064054645505,384771.24918280606,-1.4277580543234503,7,Tidak,2.9348357771941442
2023-01-16,06:00:00,Waxing Gibbous,3470.4886543982793,25.885351405301602,384591.81240895955,-0.2898486830544813,2,Tidak,1.0258070418399425
2023-01-16,12:00:00,New Moon,3473.6376127428894,39.31666526160349,381861.41903602437,-0.7933425997930874,6,Tidak,1.6839536716327688
2023-01-16,18:00:00,Last Quarter,3472.2972221266787,41.5199570701297,385001.29222316534,0.15016349166852994,8,Tidak,1.6923945576613701
2023-01-17,00:00:00,Waning Gibbous,3472.6024823740486,49.484731550234066,382023.0391476561,0.02462978912073721,7,Hujan,2.079427502299508
2023-01-17,06:00:00,Waxing Crescent,3473.4228452145176,42.5564285335465,386403.75723766733,-0.09472718466775998,1,Tidak,1.8647692405031815
2023-01-17,12:00:00,Waxing Crescent,3472.1264514764616,28.852479169327488,383613.0004466722,-0.7781951156471196,4,Hujan,1.4783260504080145
2023-01-17,18:00:00,First Quarter,3473.0173652865565,50.71685342896244,385437.5612097917,-0.029265340519524674,8,Hujan,2.356907439978343
2023-01-18,00:00:00,New Moon,3474.119245542282,37.1279275821819,386325.3043718687,1.229847728463631,6,Tidak,1.6199115281590502
2023-01-18,06:00:00,Waning Crescent,3472.259356317214,47.58503000825461,386364.98558224563,-1.2188685130289798,4,Tidak,2.219180562736343
2023-01-18,12:00:00,Waxing Crescent,3474.4397260051664,28.369329718770466,382723.201942331,2.066856922857246,4,Tidak,1.1402722203024944
2023-01-18,18:00:00,Waxing Crescent,3471.101997683368,83.74788583915038,382310.1924136705,-0.442484942314215,3,Hujan,1.713225397783647
2023-01-19,00:00:00,Full Moon,3470.5341132586027,80.1775467534404,384613.34670321783,-0.06615243878062071,5,Tidak,1.5990353680964486
2023-01-19,06:00:00,New Moon,3470.060050628147,78.89573351978524,383702.1487631416,-0.8910847831688713,1,Hujan,2.287650491883775
2023-01-19,12:00:00,Waxing Gibbous,3474.5897069932585,21.96180440210699,384818.4684052854,-0.3517152975945026,3,Tidak,2.088235267207586
2023-01-19,18:00:00,Waning Gibbous,3473.1828310711394,54.790481710047025,384930.07538837055,0.4037280177391054,2,Tidak,2.659916859450659
2023-01-20,00:00:00,Waxing Crescent,3471.0988101866856,40.58643510337189,384156.4737038292,1.6737076182741166,4,Tidak,1.0903446681838946
2023-01-20,06:00:00,Waxing Gibbous,3472.73776216823,50.16584774627059,387648.0858049374,0.6889987908839603,2,Tidak,2.3094420304748637
2023-01-20,12:00:00,First Quarter,3474.603998351736,61.908121347528606,379979.24010526936,0.2389596988264695,7,Hujan,1.4687026386809023
2023-01-20,18:00:00,New Moon,3474.378329710407,70.24559901999707,382824.43098574533,-0.7535278552815972,4,Hujan,1.639055886430737
2023-01-21,00:00:00,Last Quarter,3470.6379607747604,27.83356467706249,385993.6786298554,0.7299637399758794,5,Hujan,3.4270202010620348
2023-01-21,06:00:00,Last Quarter,3471.518268698936,80.64436331964725,382786.0516587321,1.4344911956275275,4,Tidak,2.817569808004153
2023-01-21,12:00:00,Waxing Gibbous,3471.476482858494,82.00153557347858,386041.09157522203,-1.6770058046044505,8,Tidak,2.712820375406348
2023-01-21,18:00:00,Waning Crescent,3472.845525188213,79.34164646656149,382299.5681277478,0.01960260976628936,7,Tidak,1.5347944786399788
2023-01-22,00:00:00,Waning Crescent,3473.71709814733,32.94623740300459,385722.01269226597,0.24046511189053366,7,Tidak,1.531794723126564
2023-01-22,06:00:00,New Moon,3471.6500759263517,55.07244340575487,387793.5866833204,1.3903483759906505,6,Tidak,2.9236190688228154
2023-01-22,12:00:00,Waning Gibbous,3473.039261536863,50.01657139768707,383872.2930658067,-0.4559039863961809,7,Tidak,1.5575202651378182
2023-01-22,18:00:00,Waxing Crescent,3472.5783767657417,30.99744305471945,386576.7775606104,0.015630361851956653,3,Tidak,1.9578807049381723
2023-01-23,00:00:00,New Moon,3474.5990036231165,28.4814416521774,381980.789569477,0.6853055597111624,4,Hujan,1.3649165076107486
2023-01-23,06:00:00,Waning Crescent,3471.0068330559266,48.183739033888486,384730.6893634175,0.9247557436709042,3,Hujan,1.5620334247768541
2023-01-23,12:00:00,Full Moon,3470.0082237888005,23.388812991374543,383242.14549563057,2.0755644335636303,6,Hujan,1.5612321086614445
2023-01-23,18:00:00,Waning Crescent,3470.3586659836737,14.325921907696696,386902.75396922755,0.4145402265722069,6,Tidak,2.1738687910226178
2023-01-24,00:00:00,Waxing Gibbous,3472.1024724825797,42.822427253400576,384810.34878568846,-1.8877615929838485,5,Tidak,1.4467073731145683
2023-01-24,06:00:00,Waxing Gibbous,3472.494586859259,47.73605773022108,384622.68731575203,0.790759892553567,6,Tidak,1.972344499063075
2023-01-24,12:00:00,New Moon,3472.8687584328145,71.46940649579635,380864.2300761168,0.1368371641195787,5,Hujan,2.789022871419171
2023-01-24,18:00:00,Waxing Gibbous,3474.4018669099005,90.10977584535138,385819.17933898914,0.47807236067415726,5,Tidak,1.469272541454993
2023-01-25,00:00:00,First Quarter,3471.00359983152,17.535041431551527,386196.28023141465,0.01665750001274402,5,Hujan,1.9621600456678872
2023-01-25,06:00:00,Waning Gibbous,3472.10589029635,56.080438583112,386225.56555447786,-1.7709623041286493,6,Tidak,2.333373535302072
2023-01-25,12:00:00,Last Quarter,3474.6613867177048,65.10535068770875,385383.40601595654,-0.7180058187596976,4,Hujan,1.766501046425979
2023-01-25,18:00:00,Full Moon,3471.8164539901527,23.93950410499735,385472.7918540092,-1.0570438851283406,4,Hujan,2.0017190716551956
2023-01-26,00:00:00,Waxing Crescent,3470.0750207817496,39.2812481241573,384678.748433939,1.4537262972547462,1,Tidak,1.2818819698883008
2023-01-26,06:00:00,Waning Crescent,3474.4986370440547,51.162355365927766,387843.67162282486,2.4993214695786605,6,Tidak,2.16560158263989
2023-01-26,12:00:00,New Moon,3473.077000834587,42.53935437633894,384416.2281536704,1.5862713125308572,9,Hujan,3.8372228783147193
2023-01-26,18:00:00,Waxing Crescent,3474.8547103415626,67.69034731282743,385482.96280189155,2.243222885309023,10,Tidak,2.0460217686052182
2023-01-27,00:00:00,Waxing Crescent,3473.108101670392,91.29975480367494,383743.3645448692,-1.5266917470951582,3,Hujan,1.9267069303652504
2023-01-27,06:00:00,Waning Crescent,3474.681312281331,98.55668917819918,387877.3533283943,-1.1180563322161106,8,Hujan,2.3628533896699104
2023-01-27,12:00:00,Waxing Gibbous,3472.9951983569863,45.29744688523657,385941.5592645739,2.036014545680249,11,Tidak,2.1033337412534974
2023-01-27,18:00:00,Waning Gibbous,3470.6963935765957,39.60101443001082,384879.11316639173,1.3772071002418103,5,Hujan,1.240003225884084
2023-01-28,00:00:00,Waning Gibbous,3473.391873616195,74.38514736923688,382149.05327509256,-0.9022297097802188,4,Tidak,2.896573046549399
2023-01-28,06:00:00,New Moon,3472.7316952366655,43.86421457654234,381107.77256956056,-1.0545769552223234,6,Tidak,1.2953890724305586
2023-01-28,12:00:00,Waning Crescent,3470.045221917668,47.83830922207832,385202.67469410604,-0.2581630340892316,6,Hujan,1.7713351437030689
2023-01-28,18:00:00,Waning Crescent,3473.8738511996003,68.63655476339812,384249.29376102536,-0.009810113167730172,3,Tidak,1.919884096683029
2023-01-29,00:00:00,Waning Crescent,3470.607122524384,27.471616427884143,387232.53983126074,-0.5343887906430003,5,Tidak,1.9096416906767577
2023-01-29,06:00:00,New Moon,3472.586970712864,87.35364741304866,382668.5328508047,-0.3296689918396565,7,Tidak,1.4825223322660486
2023-01-29,12:00:00,Waxing Crescent,3473.328761719208,40.98283468538996,383010.1384231879,0.11956797093974858,5,Tidak,1.3291383462665696
2023-01-29,18:00:00,Waning Crescent,3473.814564207519,58.28086368220235,385386.5069875047,2.4073461407390484,5,Hujan,2.104658031204574
2023-01-30,00:00:00,Waxing Gibbous,3474.7043944033817,34.03937948398014,383850.9544004467,1.9182492164678093,5,Tidak,1.7881071340650299
2023-01-30,06:00:00,Full Moon,3470.6199378220954,57.19012947446128,384121.21602560906,1.0050966753727932,5,Tidak,1.4720212115859925
2023-01-30,12:00:00,Full Moon,3471.0499786902124,28.407894435414498,382197.3383355022,2.221264745209427,2,Hujan,1.4048693177328146
2023-01-30,18:00:00,Waxing Crescent,3471.8268385103584,3.9713937776928248,382376.20748274104,1.7098122500573352,6,Hujan,1.1415716198898833
2023-01-31,00:00:00,Waning Gibbous,3472.00644249868,33.39733157372697,386470.9414951275,0.7885612423587793,7,Hujan,0.6395251952636043
2023-01-31,06:00:00,First Quarter,3472.9500273070284,61.42985190969192,385998.079616863,-0.8352848233829182,5,Hujan,2.672665136662041
2023-01-31,12:00:00,First Quarter,3474.9695735061396,9.998580012212173,386434.7691864471,1.2169684071843667,5,Hujan,2.5449151247061845
2023-01-31,18:00:00,Waning Crescent,3473.05754436774,63.071917166966045,382590.82270768716,-0.11408666084173813,1,Tidak,1.7311029231624162
2023-02-01,00:00:00,Waning Crescent,3473.4151067544963,91.8851367613533,383812.2188435752,0.29900398300211783,6,Tidak,2.0566519570630755
2023-02-01,06:00:00,Last Quarter,3470.481056467596,42.17097886004143,385363.0013288098,-1.823950088130595,5,Tidak,1.4296066704812571
2023-02-01,12:00:00,Waxing Gibbous,3472.1701083577987,69.3691313802545,384276.7011778139,-1.6053088793057924,6,Tidak,1.2923231677649984
2023-02-01,18:00:00,Waning Gibbous,3470.645793476497,42.13729850682052,382968.5440573852,2.318907361203559,4,Tidak,0.9919756039419395
2023-02-02,00:00:00,Last Quarter,3471.0770168454815,73.92644603008854,384669.3246791131,-1.0014005434106488,5,Tidak,3.0643995855931494
2023-02-02,06:00:00,Waning Crescent,3474.250329732698,44.10304538121223,385141.97795413947,0.2636930264758557,3,Tidak,2.7034338590582845
2023-02-02,12:00:00,Waning Crescent,3471.8499462318305,0.0,384099.2400606203,-1.2899883679482507,4,Tidak,1.7101114300900886
2023-02-02,18:00:00,Waning Gibbous,3471.1410623967727,36.93526854858061,386554.5816189397,2.386447451093524,6,Hujan,1.8053275120056407
2023-02-03,00:00:00,New Moon,3474.2996632565214,81.07117192072879,386700.9477180657,1.4395640162991796,3,Hujan,1.9288935738576507
2023-02-03,06:00:00,New Moon,3472.3287538946697,45.89114239097984,386267.8669617219,0.789595156484598,6,Tidak,1.9457687846674845
2023-02-03,12:00:00,First Quarter,3473.390584855431,30.41057482561271,385348.19773709174,0.5792165066043768,5,Tidak,2.285490120904207
2023-02-03,18:00:00,Waning Gibbous,3471.889379885392,56.7050768544167,383208.57796966785,1.3097670232214664,4,Tidak,3.1271676342214967
2023-02-04,00:00:00,Waxing Crescent,3473.5821677764334,13.071243821955598,380243.1244262097,-1.8498514094356542,3,Tidak,2.0895747587377484
2023-02-04,06:00:00,Waning Gibbous,3471.825098936997,92.36808352020043,388520.05636202754,-1.89289366731222,6,Tidak,1.6847660385561731
2023-02-04,12:00:00,Waning Crescent,3472.75760936147,24.70531505284721,384626.66788107326,2.179202796964927,6,Hujan,1.2635720745450905
2023-02-04,18:00:00,Last Quarter,3472.931343501472,62.77841979030932,386384.28719724494,1.2099182247411093,6,Tidak,3.128565511561108
2023-02-05,00:00:00,Last Quarter,3470.576941743515,57.12074304196916,386235.2335152494,-1.0856587147496026,7,Hujan,2.726302754973318
2023-02-05,06:00:00,Last Quarter,3470.797678752511,40.70676750487005,387449.51114717225,0.15702455782297875,4,Hujan,2.3275029938892184
2023-02-05,12:00:00,Full Moon,3473.7271911381126,17.28011056624615,385685.9398999293,-1.6074605260352985,8,Tidak,2.907802791920691
2023-02-05,18:00:00,New Moon,3472.361708470638,51.49251389253932,384555.6376260942,-1.238828004621455,6,Hujan,0.7984423924216815
2023-02-06,00:00:00,New Moon,3473.1510146409855,48.386973140902185,383981.1650738506,1.65568094659589,4,Tidak,2.3724425340638495
2023-02-06,06:00:00,Last Quarter,3474.060068451429,48.02943990567507,381844.30457665725,-1.5274537456409303,6,Tidak,1.590915465998593
2023-02-06,12:00:00,Last Quarter,3470.3300056127355,2.022279680926175,383256.0094243258,-1.2205306402790137,4,Hujan,2.2313294198594917
2023-02-06,18:00:00,Waning Gibbous,3471.499594598496,49.89607109450116,384293.05836997664,-0.5792786803054615,9,Hujan,1.7231869673286953
2023-02-07,00:00:00,First Quarter,3473.117910268092,45.80801313717177,382041.6275305314,0.8979845695531337,2,Tidak,1.7520415529495037
2023-02-07,06:00:00,Waxing Gibbous,3472.465937686212,48.419673084017234,385885.871819848,-1.628482630645633,1,Tidak,1.6170087117006022
2023-02-07,12:00:00,New Moon,3473.946098644886,48.38114767285166,384917.2679813851,1.6780986811000362,4,Tidak,2.6531897277838556
2023-02-07,18:00:00,Last Quarter,3474.1939496380955,32.31171562886164,384955.5616787503,-1.4567771893154369,8,Tidak,2.492663988408632
2023-02-08,00:00:00,Full Moon,3473.806383355785,15.509207942183636,382922.5801015176,2.0115706699973614,5,Hujan,3.323250427245138
2023-02-08,06:00:00,Waxing Crescent,3470.6074579323117,57.05778725747539,384137.37033908867,1.6286791056645824,8,Hujan,1.7484029395789182
2023-02-08,12:00:00,New Moon,3474.84871356012,20.511399124392387,385263.72401168157,1.7361914549958275,9,Tidak,3.1200391120879836
2023-02-08,18:00:00,Waxing Gibbous,3474.3190461396125,25.820250621834163,384453.24277331756,-0.35183912086926483,7,Tidak,2.864586077176119
2023-02-09,00:00:00,New Moon,3470.496452786962,49.26800419945883,386678.786074508,2.3134831301160883,7,Hujan,1.3721037632369901
2023-02-09,06:00:00,First Quarter,3471.713275013666,91.69980311658034,383110.0214103911,2.042832430359998,7,Hujan,1.6667341354161538
2023-02-09,12:00:00,New Moon,3470.180635261935,63.22599620122048,383119.8637373379,2.403428264830069,5,Tidak,3.075648322230472
2023-02-09,18:00:00,Last Quarter,3472.9342043973334,75.91390820188755,385835.3994218711,-1.6110516130390486,7,Tidak,2.5379933640681966
2023-02-10,00:00:00,Full Moon,3473.986927478927,41.75133993075579,386219.4374251464,-1.7219194853576791,3,Hujan,1.9935204086108658
2023-02-10,06:00:00,Last Quarter,3474.84565528542,42.95479796126633,386073.2274732445,-1.3125573031080875,5,Tidak,2.300514337889806
2023-02-10,12:00:00,First Quarter,3474.842526253589,61.42334990146211,384587.088434432,1.4207606615918889,7,Hujan,2.577855095791641
2023-02-10,18:00:00,First Quarter,3470.3951475254607,56.912391871925756,385319.93530287343,1.6897299978578322,2,Tidak,1.464044760494456
2023-02-11,00:00:00,Full Moon,3470.9237148901498,55.8586966582733,386629.0595886175,0.12815330011006498,7,Tidak,2.1767214904213525
2023-02-11,06:00:00,Full Moon,3474.4176786744356,60.35633784378828,386086.8225569474,1.9634953504857382,6,Hujan,2.1038077909039754
2023-02-11,12:00:00,Waxing Crescent,3473.722568641742,41.59794803565865,382015.99124058796,1.6847639453269134,4,Tidak,2.6339728628644385
2023-02-11,18:00:00,Waning Crescent,3470.8350812272674,49.070155851606756,384488.14110830566,0.5745860039088768,9,Tidak,2.9450529958465435
2023-02-12,00:00:00,Waxing Crescent,3472.1925465464697,49.767350845541266,385960.6415529458,1.3964376972845054,3,Tidak,3.4701101098059812
2023-02-12,06:00:00,Last Quarter,3472.5632871490075,90.87591949963891,383530.77377242263,1.2081106253604221,3,Hujan,1.6023591718364067
2023-02-12,12:00:00,Waning Crescent,3471.0869082850863,47.47799896231942,383941.53703037824,-1.7886732049188088,5,Tidak,2.0605348109588575
2023-02-12,18:00:00,First Quarter,3470.508217160258,52.04289612847822,384616.1899884716,-0.3509062512173251,4,Tidak,1.7894390047818962
2023-02-13,00:00:00,Waxing Crescent,3471.244824605675,70.00538178050532,386213.54614356736,-0.814865243285599,5,Hujan,2.8369009969429735
2023-02-13,06:00:00,Last Quarter,3474.8330615864643,69.76518314393121,383728.9510174728,0.7920413290257899,3,Tidak,1.3772437142395892
2023-02-13,12:00:00,First Quarter,3474.1092325275245,69.40203222184384,386004.539556047,-0.1746751340352568,3,Tidak,1.216280145930214
2023-02-13,18:00:00,Full Moon,3472.1755806536175,6.486333790482945,384370.4814385284,-0.9060665674315562,10,Tidak,0.8751099606382842
2023-02-14,00:00:00,Full Moon,3474.1390616804824,46.59242864123832,381281.26100633893,-1.3917148710810547,0,Tidak,2.3641577916555905
2023-02-14,06:00:00,New Moon,3470.2376849484613,43.459444171326844,382313.9943233447,1.1976546181112901,3,Tidak,1.9193631669009332
2023-02-14,12:00:00,Waning Gibbous,3473.8492662191466,45.07325942099151,381093.40660845494,-1.9827396615674224,4,Tidak,2.616592845862507
2023-02-14,18:00:00,Full Moon,3474.828007815265,56.912591118110285,385789.7893690114,1.4494060265689068,4,Hujan,1.9117511734214334
2023-02-15,00:00:00,First Quarter,3470.1543656729814,70.77564405760475,381859.7709695319,-1.450146646860985,4,Tidak,1.817438889652541
2023-02-15,06:00:00,Full Moon,3472.9544800617377,58.0575336336805,388206.9931560667,0.20979002174397188,5,Tidak,1.3392383280047346
2023-02-15,12:00:00,Full Moon,3473.7416791363225,36.37183686257911,385628.2600733149,2.108821984722904,2,Tidak,2.4681005262331506
2023-02-15,18:00:00,Full Moon,3470.9921527027136,42.336086688918584,383425.02132075315,0.006151882411776111,6,Hujan,2.5867592245224227
2023-02-16,00:00:00,Waxing Gibbous,3472.2613301092333,8.98203198257908,384323.99037275166,-0.6428476713188656,3,Tidak,1.7872993280254081
2023-02-16,06:00:00,First Quarter,3471.263845135491,25.598431934271293,386020.25992436154,-0.6700817417949827,5,Tidak,2.686257796644578
2023-02-16,12:00:00,New Moon,3474.0862823044017,82.63948090563837,387186.4174193237,-0.9912512929214166,4,Hujan,2.2253393329539577
2023-02-16,18:00:00,Waxing Gibbous,3474.754304019319,49.85596472689189,382581.2223255273,0.4941320778133962,5,Tidak,2.2711481492015144
2023-02-17,00:00:00,Waning Gibbous,3471.3112379987274,11.048596675253208,384161.4693707582,0.03332618820229927,8,Tidak,2.1547561714205914
2023-02-17,06:00:00,Waning Gibbous,3470.666218748725,41.598746961886455,385076.96723579825,0.3823072050164633,2,Tidak,1.563320123363006
2023-02-17,12:00:00,Waning Gibbous,3470.839360674203,55.557650093756585,385746.3925528369,1.489275992574119,4,Tidak,2.1312495684740758
2023-02-17,18:00:00,Waning Crescent,3472.0519934033537,58.3675347528882,384051.1251120545,-0.5183644620341175,8,Tidak,3.521403592511528
2023-02-18,00:00:00,Waxing Gibbous,3472.421060616825,18.306001161376823,383273.04074749496,-0.8563826022153875,5,Tidak,2.3703551992469416
2023-02-18,06:00:00,Waning Gibbous,3470.7304562432646,37.6526415882027,386329.1339989828,0.5701652557643966,5,Tidak,2.6092828114880007
2023-02-18,12:00:00,Waning Crescent,3473.587767504772,84.01884418405399,379044.1751912128,-1.1946530159367625,5,Tidak,2.328119072241952
2023-02-18,18:00:00,Waning Crescent,3471.849270711653,100.0,388200.5265387108,1.7692910842501255,5,Tidak,2.128434634004187
2023-02-19,00:00:00,New Moon,3470.7927341858262,50.16939759413333,386014.96478495153,2.492811765343082,3,Tidak,1.2979510831582173
2023-02-19,06:00:00,Waning Crescent,3473.015240883008,18.662750026463144,385989.4337843749,-1.6156070338402195,4,Tidak,2.1552832786627123
2023-02-19,12:00:00,New Moon,3471.5607076840315,30.724552823755545,382634.3999920466,-0.29614773041476816,6,Hujan,1.158345964587491
2023-02-19,18:00:00,New Moon,3474.6108937928025,30.433013222097426,382096.44511964126,-1.8272978022985888,3,Tidak,1.848440261261939
2023-02-20,00:00:00,New Moon,3473.8459899387494,43.29436948131714,384354.4452907174,-0.35217722218846026,4,Hujan,2.2173335656761264
2023-02-20,06:00:00,Waning Gibbous,3472.7041234651833,74.16337263456919,383767.7613684191,1.258178801484962,5,Tidak,1.9508568216758628
2023-02-20,12:00:00,Last Quarter,3471.3413212769647,95.10842340728135,382461.20981760416,-1.625965282436254,4,Hujan,2.1819209872937098
2023-02-20,18:00:00,Waxing Crescent,3473.6651536066743,0.0,383631.63311743585,-1.8831787290845032,4,Tidak,2.274394345136217
2023-02-21,00:00:00,First Quarter,3470.036657542743,46.26320651332593,385509.1841315601,0.14045097441237386,3,Tidak,0.7507791841055265
2023-02-21,06:00:00,Full Moon,3474.4804527237425,58.31310860251104,382386.60273285286,0.4570140258144981,2,Tidak,2.022631395917193
2023-02-21,12:00:00,Waxing Gibbous,3471.046035638808,43.268521581004144,382992.8396681734,1.4610741962099563,3,Hujan,2.839730653395609
2023-02-21,18:00:00,New Moon,3474.206617482704,43.21923960656095,384305.16645144566,0.15847090066765945,7,Tidak,2.3143530257697646
2023-02-22,00:00:00,Full Moon,3472.439433120625,42.947368318612874,383280.9603563963,2.0924152455440614,3,Tidak,0.7512519768236239
2023-02-22,06:00:00,Last Quarter,3474.4230202796034,87.3139358468953,384148.82996689057,0.09390119444560607,5,Tidak,2.1374069187281792
2023-02-22,12:00:00,Waning Gibbous,3472.4403254363538,61.18685470915298,386002.70428371883,-1.3501959454296082,9,Hujan,1.9529048655911103
2023-02-22,18:00:00,New Moon,3472.472552758738,33.93633774198179,383655.06334780017,-1.8723628934601841,4,Hujan,2.0666813371387622
2023-02-23,00:00:00,New Moon,3471.047100758972,96.79992513724989,385467.36086617847,-0.7059522377501128,4,Tidak,1.7555971089741265
2023-02-23,06:00:00,Last Quarter,3471.310940680407,73.22500370851921,387345.728168292,-0.4919302095958906,4,Tidak,0.10727381974828676
2023-02-23,12:00:00,New Moon,3473.117256319973,17.299363374870154,384487.7096076327,2.3581214914130513,9,Hujan,1.2944574045461303
2023-02-23,18:00:00,Waning Crescent,3472.275903620413,20.85467819945493,384338.28716381063,-0.6936341290570966,3,Tidak,1.3741829784861865
2023-02-24,00:00:00,Last Quarter,3474.5442420443223,52.39267688892686,385420.88814905833,-1.4768412189760545,5,Tidak,0.10800772677381687
2023-02-24,06:00:00,Waning Gibbous,3472.774961729536,61.459891793369145,390595.933240768,-0.5996396069257719,6,Tidak,1.5967951107639835
2023-02-24,12:00:00,Last Quarter,3473.515494380483,19.60628837369664,380785.2266515908,-0.8246593074392552,3,Tidak,3.4591597588693466
2023-02-24,18:00:00,Waning Gibbous,3471.0259747724563,82.02391572427544,385849.60901745525,0.6826686358620537,2,Tidak,1.8192143113651875
2023-02-25,00:00:00,Waxing Gibbous,3471.3223815211863,61.67311505326911,381868.23988067114,2.0307864546150354,10,Tidak,1.8863534823387325
2023-02-25,06:00:00,New Moon,3472.0848667032396,73.38224711028437,383625.2351262224,1.9294308030347787,4,Hujan,2.6292655848490356
2023-02-25,12:00:00,First Quarter,3470.1306193642554,15.451478822276293,383352.0605279256,-0.045207216366233594,4,Tidak,1.8172864967487135
2023-02-25,18:00:00,First Quarter,3473.545139610319,8.19169872518215,386080.8320978078,1.7729852943546982,6,Tidak,2.413868003792412
2023-02-26,00:00:00,Waxing Gibbous,3472.0988913476945,59.17968145887088,385175.05854635866,0.05495595984199175,3,Tidak,3.3218263302110254
2023-02-26,06:00:00,Waxing Gibbous,3470.100213243822,47.94969037282047,386228.1039790523,0.13573011615448394,6,Hujan,1.5747637763472244
2023-02-26,12:00:00,Waxing Crescent,3473.38950608862,72.68996209400046,384760.8317813933,-0.6378472600164431,6,Tidak,2.343301420926875
2023-02-26,18:00:00,Waxing Gibbous,3471.8246937963777,29.779510037353614,387414.673666813,1.3126883582720565,5,Hujan,1.9742936157175466
2023-02-27,00:00:00,Full Moon,3471.1267476972566,59.746760183136615,386478.36435602605,1.3748428816254243,4,Hujan,2.393825772357112
2023-02-27,06:00:00,Waning Gibbous,3472.545005013859,0.0,381885.6393404787,1.2941384149169242,5,Tidak,1.696576865214008
2023-02-27,12:00:00,Last Quarter,3470.7221512199258,24.509929664953166,382233.6870060775,1.1372893276751785,7,Hujan,2.172338646719197
2023-02-27,18:00:00,Waxing Crescent,3474.7051769876894,61.24197004135862,383346.61950912845,-1.9227998045485164,9,Tidak,1.0169116663614899
2023-02-28,00:00:00,Waning Gibbous,3470.0796821682607,8.824484071504095,385558.6683438068,1.1549379022480482,6,Hujan,1.116116288667706
2023-02-28,06:00:00,Waning Crescent,3473.639467492137,22.813603610101662,386776.66851072095,-1.308163356662302,7,Hujan,0.7844608034802616
2023-02-28,12:00:00,Full Moon,3474.2926805979355,41.52518819213491,382905.3025761981,1.219998409044281,8,Tidak,1.3019970349774828
2023-02-28,18:00:00,New Moon,3474.3638260274597,64.20937348891451,385423.9605504457,-0.6746747554509192,3,Tidak,1.8501588080176268
2023-03-01,00:00:00,Waning Crescent,3472.6420327202154,80.94324730578643,385808.1886420741,1.3665237498748382,6,Tidak,2.2312078720482376
2023-03-01,06:00:00,New Moon,3472.0420538867315,27.09002045500253,387655.99982633826,-0.3458169023398132,5,Hujan,2.264754178159831
2023-03-01,12:00:00,Waning Crescent,3473.712742876111,26.11064727353921,383249.056044267,-1.130006637361709,4,Hujan,3.0577891978738134
2023-03-01,18:00:00,First Quarter,3474.0020987703597,95.70196721310361,387350.1592288249,-1.9496035029010248,3,Tidak,2.474413765542382
2023-03-02,00:00:00,Last Quarter,3471.3474126858364,100.0,384582.6345917906,0.06486163403382772,3,Tidak,2.1101440394508026
2023-03-02,06:00:00,Waning Gibbous,3471.320931026985,42.4193720018654,384619.1523793605,2.378496829770528,6,Hujan,2.2606790489716304
2023-03-02,12:00:00,First Quarter,3471.238813800372,40.11011912178124,383890.30334782484,2.428444156920925,5,Tidak,2.172104626837925
2023-03-02,18:00:00,Waxing Gibbous,3474.3006465844023,69.91730695148983,384136.04854601965,1.9654855654605505,3,Tidak,2.0617235307893207
2023-03-03,00:00:00,Waxing Gibbous,3474.73774820447,74.52881022515261,383736.066927827,0.5614126701351143,3,Hujan,2.582048794476848
2023-03-03,06:00:00,Last Quarter,3470.7700566734056,19.605419983913347,388436.2741105908,2.247552966589451,9,Tidak,2.1786084328120596
2023-03-03,12:00:00,Waning Crescent,3474.7269466433713,88.57858074313336,379935.1615274049,-0.34698011861899625,8,Tidak,1.9091759308171543
2023-03-03,18:00:00,New Moon,3472.516597919433,12.605870152753837,382679.99313720973,-1.1820591322546796,4,Hujan,2.189536135386403
2023-03-04,00:00:00,Waning Gibbous,3471.6116979617746,40.54622621175805,382978.05565420125,-1.4664608951431086,6,Tidak,1.9426325035627439
2023-03-04,06:00:00,Waning Gibbous,3473.799784348038,0.0,386285.12176970934,1.1145156760633643,6,Tidak,1.9589993072258538
2023-03-04,12:00:00,Waxing Gibbous,3474.6273931808023,79.60024808932238,382611.4001431617,1.7573483975390203,8,Tidak,1.6144712116968662
2023-03-04,18:00:00,Waxing Crescent,3471.302587233679,69.26837394616663,388092.90616828064,-0.5313675255021559,4,Hujan,1.5281974920374606
2023-03-05,00:00:00,Full Moon,3470.4129201785972,71.0696571737287,384942.32752096804,1.5616467270524632,7,Tidak,1.3983044719668773
2023-03-05,06:00:00,First Quarter,3470.2676405477505,27.333630469814857,387353.6248310726,-0.31052776789695513,5,Hujan,1.9220071004572485
2023-03-05,12:00:00,New Moon,3474.0256318159963,61.92145192613654,386686.54597296007,0.6179432108451208,9,Hujan,2.1766607507974967
2023-03-05,18:00:00,Last Quarter,3471.558643552877,16.30128670730005,384048.58711774304,-1.0082789254727587,2,Tidak,2.4830317696202244
2023-03-06,00:00:00,Last Quarter,3473.2503296185123,55.99517421301621,384136.1467055122,0.4528086972516516,3,Hujan,1.3956522818443182
2023-03-06,06:00:00,Full Moon,3470.8570991117253,91.35535893982711,384339.8468314526,0.03272668471402129,3,Tidak,1.8568739204402995
2023-03-06,12:00:00,New Moon,3474.0005543993125,66.87551533189855,384435.657867725,1.016521894124447,5,Hujan,2.136013675060603
2023-03-06,18:00:00,Full Moon,3472.012541715727,30.611911858857894,386428.59169579105,-0.6984976241226599,3,Tidak,2.760670814988498
2023-03-07,00:00:00,First Quarter,3470.302035840668,88.09172812947563,385599.58462567895,-1.8506057707692438,6,Hujan,1.8933090353204278
2023-03-07,06:00:00,Waxing Crescent,3473.0121990772695,37.82370334030985,383760.46912772453,-0.19553804957844978,7,Tidak,1.4006577707408319
2023-03-07,12:00:00,Waxing Crescent,3470.871393533709,47.023183355733565,381379.18074721156,0.02616725403719533,9,Hujan,1.8571143877420806
2023-03-07,18:00:00,Last Quarter,3472.1478200668507,77.77950055347586,384822.0153275377,-1.553110650690629,8,Tidak,1.744549709443489
2023-03-08,00:00:00,Waning Crescent,3472.092319997506,21.642089479120358,388492.36993695964,2.3470884156930136,5,Tidak,1.5057508283912784
2023-03-08,06:00:00,First Quarter,3474.6413138116354,61.47467123605432,383643.2935400382,2.4415787014454615,5,Hujan,1.2871572358343106
2023-03-08,12:00:00,Waning Gibbous,3474.6418299623706,54.441451436665794,384698.68479375116,0.8340708710429627,13,Tidak,2.166033571488726
2023-03-08,18:00:00,Waning Gibbous,3471.557792607355,23.131721283761557,382092.6986003339,-0.6120632845403673,4,Tidak,1.6355305375822344
2023-03-09,00:00:00,New Moon,3471.2532137756953,51.85672919571,380753.3717447175,-0.3180372423549256,5,Hujan,1.988996937070998
2023-03-09,06:00:00,Full Moon,3474.3532007828394,57.07178585662724,385296.6403696637,0.18390418030684152,6,Hujan,2.2646154924175668
2023-03-09,12:00:00,Waxing Crescent,3473.4298442718214,61.98650109734495,381996.17042132665,1.5681155605842836,4,Tidak,1.377823158803671
2023-03-09,18:00:00,Waning Gibbous,3471.6044883522227,57.1536614423912,386512.4846000341,1.8780349217192582,5,Tidak,2.25498216829698
2023-03-10,00:00:00,Last Quarter,3473.3470147310604,79.66102176847383,384894.6944337256,1.0375936798935697,3,Hujan,1.882124300373909
2023-03-10,06:00:00,New Moon,3474.700028138088,65.26291583835038,382705.4643809853,-1.6127189165639584,3,Tidak,1.844049170711225
2023-03-10,12:00:00,Full Moon,3474.066820727328,44.2692726147298,385134.8921403364,1.898364121750494,5,Hujan,2.678814453835043
2023-03-10,18:00:00,Full Moon,3470.2859910152506,50.021189807906225,385223.88104128995,2.278010406487911,3,Tidak,1.431946367236253
2023-03-11,00:00:00,New Moon,3474.8929148695383,68.93815065721257,385854.5699926058,-0.47915075649120076,3,Tidak,2.126742528290263
2023-03-11,06:00:00,Waxing Crescent,3474.5035956002343,25.35553803656333,382140.32521093584,0.15561717417895204,5,Tidak,0.2591360347216196
2023-03-11,12:00:00,Waning Gibbous,3471.9636219833105,65.92178620353329,385170.95165758196,1.2187813781244685,3,Hujan,1.9469426614274554
2023-03-11,18:00:00,Waxing Crescent,3474.4571677075237,40.30675590832416,383628.65795281285,1.5942714421970607,7,Tidak,2.940696885056105
2023-03-12,00:00:00,Waxing Gibbous,3472.3693867402867,50.66421020755906,385260.6620697855,-1.565668877988646,6,Tidak,2.2051893414496537
2023-03-12,06:00:00,First Quarter,3473.798498221521,9.064271683739115,386994.6627219537,0.5279230723038371,5,Tidak,2.375019913876784
2023-03-12,12:00:00,Full Moon,3474.1396745716843,74.88881454178319,381356.95743550884,-1.5140822133368714,7,Tidak,2.3592530132501714
2023-03-12,18:00:00,Full Moon,3470.6754412647547,16.054367245780035,384659.5983060934,-1.0271152389823748,4,Tidak,1.7238235787608662
2023-03-13,00:00:00,New Moon,3471.6603073322426,51.45675582749458,382217.30614548334,0.22828694775833824,9,Tidak,1.9669400828768135
2023-03-13,06:00:00,Waning Crescent,3470.213784205571,44.77448019502338,383228.0378176663,2.405794405748413,2,Tidak,1.1512812233135452
2023-03-13,12:00:00,Waxing Gibbous,3470.3472430855945,78.83379155825102,386973.086210002,-0.9793176372233368,3,Tidak,2.3466144002593556
2023-03-13,18:00:00,Waxing Crescent,3473.084949186367,52.042754022996185,383910.59488871164,-0.7577863722571159,6,Hujan,2.4459642208114065
2023-03-14,00:00:00,Waning Gibbous,3472.9614604953767,75.5137564598898,383613.79743257613,-0.25391670467587435,4,Tidak,1.1449431649196211
2023-03-14,06:00:00,First Quarter,3474.8096407606135,46.56751153959891,385511.77352141275,-1.4021613015838241,7,Tidak,1.2923109620174271
2023-03-14,12:00:00,Waxing Gibbous,3471.2534847893207,36.99656084527514,383514.0986718645,-1.6315296165513098,3,Tidak,2.007058761431864
2023-03-14,18:00:00,Last Quarter,3474.675514370586,74.14903365479546,383340.6132268079,0.02736056614421578,5,Hujan,1.6323129642201677
2023-03-15,00:00:00,First Quarter,3472.375801415517,29.236655912870543,382791.4166753614,-1.1072467152267622,9,Hujan,2.2567698951998327
2023-03-15,06:00:00,Last Quarter,3473.4117624701657,3.11831279519307,382032.3051955337,2.4024677614086434,4,Hujan,1.8072371926230748
2023-03-15,12:00:00,First Quarter,3470.2119217669747,0.0,384196.59413227695,0.5555792260778305,5,Tidak,1.1074538089121697
2023-03-15,18:00:00,Full Moon,3474.808589804857,74.43691207645269,382913.74535657256,-1.4915440486921803,6,Hujan,2.2411682935289687
2023-03-16,00:00:00,New Moon,3471.095601385023,62.02903555314465,382351.3296105474,-0.08942312660771057,6,Tidak,2.5630438438899357
2023-03-16,06:00:00,Full Moon,3471.313386678437,37.26588017169744,384461.5655253277,-1.6967085347771316,4,Tidak,2.100025326073051
2023-03-16,12:00:00,Waxing Gibbous,3473.859850190121,73.38400750845202,382983.8632983844,2.016786927260135,4,Tidak,2.9068655601693196
2023-03-16,18:00:00,Waning Crescent,3474.3702801174936,86.76709145777819,388608.6168215907,-0.8523808901008447,5,Tidak,2.13936728625167
2023-03-17,00:00:00,Waning Crescent,3474.960165590666,53.648365439810426,381419.708574173,-0.9925982561911721,8,Hujan,0.9424668506818419
2023-03-17,06:00:00,Waxing Crescent,3473.541514710865,34.12463954237467,384537.78981656255,0.9144149221267788,4,Tidak,1.7229890930810996
2023-03-17,12:00:00,First Quarter,3472.068868669709,100.0,385539.32142961066,2.021702130952584,6,Tidak,1.9160309646956006
2023-03-17,18:00:00,Waning Gibbous,3470.007223065856,32.21740517518123,384108.22158018616,0.5490995448669382,6,Hujan,0.9533567767567315
2023-03-18,00:00:00,Waning Gibbous,3474.665158877264,61.199751159503016,385967.8119543909,-1.6826387344410008,4,Tidak,0.4756455455615951
2023-03-18,06:00:00,Waxing Crescent,3474.2981351365406,32.851496188791714,383590.9889219778,-0.38366253561079544,4,Tidak,1.9254652473912812
2023-03-18,12:00:00,Waxing Gibbous,3470.3559514716035,0.0,382779.83951696113,-0.2837712388290421,3,Hujan,2.521410873285677
2023-03-18,18:00:00,Waxing Crescent,3471.1850841272994,43.22929979336439,379710.5422423324,-0.2092501731857872,3,Hujan,2.1040061125950107
2023-03-19,00:00:00,Waning Gibbous,3473.680742042992,38.21267589365051,385861.0732610147,0.22596519165583961,8,Tidak,1.7098146363783069
2023-03-19,06:00:00,Waxing Gibbous,3471.30141427103,66.511949095076,384440.6566752461,0.42495641513979354,6,Tidak,1.6215406894367044
2023-03-19,12:00:00,New Moon,3470.838598086157,47.40628517117976,384347.77999705926,1.7014897495909045,7,Tidak,1.302639962927724
2023-03-19,18:00:00,Last Quarter,3474.8734236895875,36.30337650599024,383470.61989602854,-1.0110125975000213,7,Hujan,2.23325742390842
2023-03-20,00:00:00,Waxing Gibbous,3471.9583690550685,82.18888100539905,385884.6136800618,-0.594165436032958,2,Tidak,1.3615567110103977
2023-03-20,06:00:00,Waning Gibbous,3471.5444658929823,34.96415453609394,385075.76448228094,-0.7769826276432124,10,Hujan,2.887632233776114
2023-03-20,12:00:00,Waxing Crescent,3471.1470269499096,15.54549346981296,386268.4149306169,1.410230158852701,6,Hujan,1.9941112729912205
2023-03-20,18:00:00,Full Moon,3470.305878325398,22.77060712058891,384269.78598070523,-1.1550548883173786,4,Hujan,2.156051799884328
2023-03-21,00:00:00,Last Quarter,3472.34261886239,15.152435396761156,387317.52185894805,2.1421329380050302,6,Tidak,1.6726033658319175
2023-03-21,06:00:00,Waxing Gibbous,3470.1188021798885,14.79586336883618,384079.7415534751,1.592161114174432,3,Hujan,1.848344146525708
2023-03-21,12:00:00,Waning Crescent,3473.59080896794,60.778677585391776,386958.64069263556,-0.6262182857135072,4,Tidak,2.110888819793531
2023-03-21,18:00:00,New Moon,3471.843164122319,36.07830450964563,387754.17690616025,0.8886237549917335,5,Tidak,2.149639767519843
2023-03-22,00:00:00,New Moon,3472.7564485110333,58.902849010871634,383238.5872248381,2.107245193749618,2,Tidak,2.065055478335474
2023-03-22,06:00:00,New Moon,3474.2498640322574,54.352774011714196,383582.1456970178,1.7869201126015142,4,Hujan,0.9838511884882681
2023-03-22,12:00:00,New Moon,3472.6535887071786,6.526448685308331,384279.6801946346,0.9516977735812624,4,Tidak,0.6528176180264609
2023-03-22,18:00:00,Waxing Crescent,3474.9803336431014,38.049260946317204,385257.69498694764,2.3402349668066025,4,Hujan,1.2274295697458935
2023-03-23,00:00:00,Last Quarter,3474.609959226506,24.883655875298,386073.07092072285,2.310834950206292,5,Tidak,1.9687811410636535
2023-03-23,06:00:00,Last Quarter,3472.7242260660037,30.58845513463772,384305.2452920486,0.10937035162074338,4,Hujan,0.7802269661860672
2023-03-23,12:00:00,Last Quarter,3473.4801074312286,84.02659337162292,383912.9972418821,2.0043217615595497,7,Tidak,1.7591996671958414
2023-03-23,18:00:00,Waxing Crescent,3474.1520945595466,91.20864432295724,385304.1702811995,0.9907931155729455,4,Hujan,1.6421117192084889
2023-03-24,00:00:00,Waxing Gibbous,3471.0982565111694,70.7566499060514,381941.3239313065,0.4416716229410942,4,Tidak,1.5871257095511484
2023-03-24,06:00:00,New Moon,3472.1905245879343,0.0,383027.2298129978,-1.2901729103959663,8,Tidak,1.9395913944068621
2023-03-24,12:00:00,Waxing Gibbous,3474.421431879149,72.99076222413774,383911.8209876405,0.7307772017689218,3,Tidak,2.977251502625159
2023-03-24,18:00:00,New Moon,3470.249396272581,70.16567681876028,384735.3171791225,1.1622868408020803,6,Tidak,1.9747281114040602
2023-03-25,00:00:00,First Quarter,3472.6843267349777,83.88474523593203,386235.4029326353,1.9606603778950151,5,Tidak,2.3843813360579733
2023-03-25,06:00:00,Last Quarter,3471.27315608998,35.498061877698106,384490.6492992932,-1.227150988366443,2,Tidak,2.4043303755802357
2023-03-25,12:00:00,Waning Gibbous,3471.991728758606,7.315540031556111,384264.52370918426,-1.3362913170465158,5,Hujan,1.5778327870374578
2023-03-25,18:00:00,Waning Crescent,3471.1620179467322,16.474327720884524,385397.0694188211,0.8458988575766329,5,Tidak,2.4926541793231287
2023-03-26,00:00:00,Waxing Gibbous,3473.0614710996897,75.56152378153189,383198.64699800615,-1.3603234950232992,7,Tidak,2.21959407106756
2023-03-26,06:00:00,Last Quarter,3474.1471211505395,83.87562026941686,386439.96997959993,0.5392810749788857,4,Hujan,2.143623144924469
2023-03-26,12:00:00,Full Moon,3474.6234542182488,75.64117067081497,383331.711677873,0.9521069814695933,5,Tidak,1.2430544518771953
2023-03-26,18:00:00,Last Quarter,3470.744305808323,31.69465732116014,384593.8497304734,-0.21871397778535018,1,Hujan,2.1825216223300514
2023-03-27,00:00:00,Waxing Crescent,3474.569240820463,60.87480035089089,386995.75737605314,1.1193796797686764,5,Tidak,1.9292577323602023
2023-03-27,06:00:00,Waning Crescent,3473.8618429221096,70.72730228855562,383456.8082573581,0.3342994284236003,4,Tidak,2.1302182482228695
2023-03-27,12:00:00,Waxing Crescent,3473.899650526807,32.772159806255246,387084.1963976324,0.37085920091367397,6,Hujan,2.897445552775067
2023-03-27,18:00:00,New Moon,3473.9024839047333,71.59109353509827,384611.4648598475,0.49120116309365347,3,Tidak,1.5562821685494348
2023-03-28,00:00:00,First Quarter,3471.362265831425,41.857549231460936,383474.75040027295,-0.12060482818706553,4,Tidak,1.8879827416433912
2023-03-28,06:00:00,Last Quarter,3471.5885883069045,47.59870609107985,384440.9447250344,-0.3119956462414941,3,Hujan,3.814764671066463
2023-03-28,12:00:00,Full Moon,3472.2912236483476,27.58613059257485,383796.5032692065,0.14627598796124985,8,Tidak,2.270969262612139
2023-03-28,18:00:00,Waning Gibbous,3470.4150222480866,73.86166757489356,385365.14898751065,2.4056946608700844,7,Hujan,1.519478388081139
2023-03-29,00:00:00,Full Moon,3472.564541311474,26.191123042814652,384285.28279253625,0.09981500293090351,3,Tidak,1.4339811562031728
2023-03-29,06:00:00,Full Moon,3473.244529971011,60.762014277139976,384838.7065675835,-1.5222685388684112,2,Tidak,2.4453156176801665
2023-03-29,12:00:00,Full Moon,3470.8123144647834,27.496261603686996,385007.22002452146,-1.1151541390910653,3,Hujan,1.764267309127407
2023-03-29,18:00:00,Waxing Gibbous,3470.2883884608837,20.73464915388234,384420.7878539161,-0.8132707857348025,2,Tidak,1.370639846868119
2023-03-30,00:00:00,First Quarter,3474.3939574694755,38.19296053622636,381445.5360631183,-0.4045601648341939,2,Hujan,1.2776093916561453
2023-03-30,06:00:00,Last Quarter,3472.6456214802374,70.69132306735423,385467.0059841372,0.8082617136124681,5,Tidak,2.498685108909061
2023-03-30,12:00:00,Waning Gibbous,3471.4072129693523,46.8175365910889,378676.7121297765,1.2366105776927725,4,Tidak,1.3850869777413541
2023-03-30,18:00:00,Waning Gibbous,3473.900223921749,50.35696049272698,386134.2898861054,-1.7223073585348758,6,Hujan,1.7560094920748404
2023-03-31,00:00:00,Waxing Crescent,3472.6144390646773,59.87861697142404,386028.71486354107,2.392057337190785,5,Tidak,1.430203255070662
2023-03-31,06:00:00,Waxing Crescent,3472.405631169912,66.88117263624126,385555.8333201135,-0.2760544176534756,4,Tidak,2.5323253256300693
2023-03-31,12:00:00,Last Quarter,3470.700387226157,55.10038429808374,385503.93100989476,-0.3608830026803975,6,Hujan,2.684366931982936
2023-03-31,18:00:00,Waxing Gibbous,3471.1942516908366,52.836347737476565,384597.9624648648,1.3459923547691335,7,Hujan,2.5152239641642193
2023-04-01,00:00:00,Waxing Gibbous,3471.622913716539,37.94530390230019,386487.8554134451,1.8278208132983695,5,Tidak,2.6705506815826165
2023-04-01,06:00:00,First Quarter,3473.496945428674,87.1781316136198,383435.9202738316,-0.4631620266887122,4,Tidak,1.2087882031301498
2023-04-01,12:00:00,First Quarter,3471.174726442129,5.339244845155342,382030.9908177655,1.848127679332697,7,Tidak,1.8054427125357893
2023-04-01,18:00:00,Waning Crescent,3472.175311660479,10.455070821362128,384526.84737466025,-1.57520060886963,8,Tidak,0.9061126979398489
2023-04-02,00:00:00,First Quarter,3474.7708728894772,51.875303624849415,384158.0474410248,0.3693324335241077,7,Tidak,1.215961344241152
2023-04-02,06:00:00,First Quarter,3474.812427305146,51.442572229852736,385277.6379075853,-1.1076960100725748,7,Tidak,1.790212975824697
2023-04-02,12:00:00,Waning Crescent,3471.3739784541244,33.90382443201814,383216.94152986316,2.328867404960536,6,Tidak,2.1650999094577426
2023-04-02,18:00:00,Full Moon,3473.827430418369,69.63703127932564,386406.8892469944,-0.534216334286318,3,Tidak,1.1694985062857566
2023-04-03,00:00:00,First Quarter,3474.662062324219,18.870807638366944,387505.0819747753,1.7200303829196777,5,Hujan,2.5412927253139532
2023-04-03,06:00:00,Waxing Gibbous,3472.6302978267227,26.565724174690853,382873.6534666655,-1.757410705656394,7,Tidak,1.1007057987138809
2023-04-03,12:00:00,Full Moon,3473.172516148926,73.61435597803849,386149.6254305104,0.14879130530396623,7,Tidak,2.140244956260612
2023-04-03,18:00:00,Waning Gibbous,3472.428442462477,15.66910453596148,387112.37249328796,1.1057332784487413,7,Tidak,1.3697391582642071
2023-04-04,00:00:00,New Moon,3471.286411583641,71.43481217309967,381868.14734940394,-0.006112797681954829,4,Hujan,1.7300584467859228
2023-04-04,06:00:00,Waning Gibbous,3472.3664498164508,48.9170571582361,382165.12488692836,0.28133157440142575,2,Tidak,1.9962858219709632
2023-04-04,12:00:00,Waxing Gibbous,3473.864434465268,57.60231343032152,385953.26338675164,1.4806421895255055,4,Hujan,2.34233918367956
2023-04-04,18:00:00,Waning Gibbous,3473.763517445004,46.002293462411735,384403.7364672927,-1.8284836517226126,9,Tidak,2.718354196892343
2023-04-05,00:00:00,Full Moon,3471.2832532741013,59.68367674572227,383363.0688516354,-1.93654278657979,6,Tidak,1.7407458635050725
2023-04-05,06:00:00,First Quarter,3473.7791701542988,69.87480955177557,382950.14986370486,-1.0765068596359972,6,Tidak,0.9672935634562948
2023-04-05,12:00:00,Waning Gibbous,3471.818173532378,14.05400748394809,386512.84088407824,-1.6710213327033687,4,Tidak,1.2126944599909129
2023-04-05,18:00:00,Waxing Crescent,3470.3623981651344,13.670308400318106,383322.21711958427,2.2109170835999716,2,Tidak,2.752951962632082
2023-04-06,00:00:00,Waxing Gibbous,3474.0401016077794,71.03679999438391,384321.1596771561,-0.5093102962657414,4,Hujan,0.8634373724760476
2023-04-06,06:00:00,Waxing Crescent,3474.682474187862,42.899819335950895,382134.96688026056,-1.0997726731747548,4,Hujan,1.4834166809268958
2023-04-06,12:00:00,Waxing Gibbous,3470.464792241132,21.395647587640926,383210.01294891577,-1.9799938078060608,3,Hujan,1.5032851974580597
2023-04-06,18:00:00,Waxing Crescent,3474.955785266629,79.57421177270848,387306.7857828035,2.4119053919122626,6,Hujan,1.0576392594826656
2023-04-07,00:00:00,Waning Crescent,3471.8577622069784,28.864501495516528,385092.3939071014,2.4319847115034,4,Hujan,1.280602133831658
2023-04-07,06:00:00,Waning Crescent,3474.4906753392984,58.25029544946277,384179.5212922685,-0.44934618706791474,5,Tidak,1.9525067169266208
2023-04-07,12:00:00,Waxing Crescent,3473.2709085455444,35.04685518292007,383473.89189618605,-1.983053786640283,2,Hujan,1.4687880488633014
2023-04-07,18:00:00,Waning Gibbous,3473.8446914096876,57.20769222029164,383724.2467462763,-0.34213150975660644,2,Tidak,0.9180308734999975
2023-04-08,00:00:00,First Quarter,3470.845138144889,9.182972734579536,384521.9427302069,1.363668027974668,5,Hujan,1.1239234928001545
2023-04-08,06:00:00,Waning Gibbous,3473.3874791105177,12.970867454323063,384723.19590523717,0.1829709205237764,6,Hujan,2.2273609261403426
2023-04-08,12:00:00,Waning Crescent,3472.4981795716426,74.85502601230685,383584.5348666122,-0.9205585988475886,5,Hujan,1.893047154009879
2023-04-08,18:00:00,New Moon,3471.628131812569,17.434706894149016,385749.8312588003,-1.5705823497749771,8,Tidak,1.4412284490484797
2023-04-09,00:00:00,First Quarter,3470.791888247653,84.28452100300558,384214.1094580519,-1.0860962164257841,7,Tidak,2.435694468290123
2023-04-09,06:00:00,Full Moon,3474.5576481409475,95.4912352885259,385976.0413238603,-0.1588318195394387,6,Tidak,1.6011518046969762
2023-04-09,12:00:00,Waning Crescent,3473.260566465877,34.96893112400712,383026.3371945961,0.5386933316251055,11,Hujan,1.9373831966735675
2023-04-09,18:00:00,Waxing Crescent,3473.7512874093045,53.06657809488417,385918.49358786154,2.3878771221790096,6,Tidak,2.8903309491703633
2023-04-10,00:00:00,Waning Gibbous,3473.3844592282558,66.37690850204197,381244.71613037295,1.977849565545581,3,Tidak,1.6882732180774669
2023-04-10,06:00:00,Last Quarter,3470.999624819184,38.55823217010204,381884.0262214203,-1.073320325864227,4,Tidak,1.4053058559055898
2023-04-10,12:00:00,First Quarter,3474.8464034095177,70.54411384198352,385215.0803642005,-0.006736133366108676,7,Hujan,0.6913193921472325
2023-04-10,18:00:00,Waxing Crescent,3471.996337549501,28.848155149319172,382320.7050454891,1.0711621385702919,4,Hujan,1.9323703351818842
2023-04-11,00:00:00,Last Quarter,3471.755153632797,30.43605132761026,381415.4907009244,2.2289289535031473,9,Tidak,2.2365550319059824
2023-04-11,06:00:00,Full Moon,3471.621636771875,89.94021836171825,383268.8412754507,-1.6608717364646541,2,Hujan,1.4394069233910625
2023-04-11,12:00:00,New Moon,3474.238373807898,76.52257183830656,384775.438836651,0.4746706926170319,5,Hujan,2.121747285513026
2023-04-11,18:00:00,Full Moon,3471.9181697553745,36.39472264800299,383660.0845262222,-0.5101104474420879,4,Hujan,2.0402111129205185
2023-04-12,00:00:00,Last Quarter,3472.4230100030363,33.04360869915989,382795.4201347357,-1.014604782927935,7,Hujan,3.445165578673314
2023-04-12,06:00:00,Waning Gibbous,3470.1396031719723,56.46489603930598,386109.4532114696,-0.03144636505234599,4,Tidak,1.249794705646036
2023-04-12,12:00:00,First Quarter,3470.624901625868,69.48794051722493,386956.9017608967,-1.3563879569323951,3,Tidak,0.43171147814218447
2023-04-12,18:00:00,First Quarter,3470.248199933461,64.78730915872518,383153.57787399535,-0.2056154724102437,4,Tidak,1.3298930353909006
2023-04-13,00:00:00,Full Moon,3471.7965446491767,70.54561071956091,383996.85790780693,0.18339000487120316,2,Tidak,2.047452806304319
2023-04-13,06:00:00,Waning Crescent,3473.903481217246,38.783107695139364,383778.53714305896,1.5717788842627445,4,Hujan,2.4155375324584396
2023-04-13,12:00:00,First Quarter,3470.5457698814416,50.605693430832204,386219.1259256157,-0.9485268737024593,6,Tidak,1.6902906361962509
2023-04-13,18:00:00,Waning Gibbous,3474.1179773822178,49.647551469061725,382185.0406087033,-0.8234960005135434,8,Tidak,0.9927116278013967
2023-04-14,00:00:00,Last Quarter,3470.9267071225177,92.96585069807125,384831.9926933815,1.782409790762518,5,Tidak,1.9865005869339707
2023-04-14,06:00:00,Waxing Crescent,3471.295437917025,76.96837115442321,382942.0126125739,0.9166802566412899,4,Tidak,2.9075848918462497
2023-04-14,12:00:00,Last Quarter,3474.076978850516,33.349413505883916,384616.4239578598,-0.5009005689052852,7,Tidak,1.9097610753241068
2023-04-14,18:00:00,Waning Crescent,3470.0802504542066,52.341901822995894,383967.6151854844,0.22267074755154548,3,Hujan,2.641501153298546
2023-04-15,00:00:00,Waning Gibbous,3470.0221575029764,66.92583171616094,382286.2307592756,1.0986005018676401,3,Tidak,1.2754331280023519
2023-04-15,06:00:00,First Quarter,3474.3364785992803,55.02649821441765,381919.0542391457,-1.3664750528942733,4,Tidak,2.0496303578194897
2023-04-15,12:00:00,Waning Gibbous,3471.711337096097,47.52278373233319,383513.78661990666,0.5649781224141788,7,Tidak,1.1727908582315174
2023-04-15,18:00:00,Waxing Crescent,3473.99223170829,66.2038104373226,384842.5382225516,1.4892763293562732,2,Hujan,1.2669564592041727
2023-04-16,00:00:00,Full Moon,3470.070587763988,48.749193912363346,386317.08450958686,-1.2742115789073551,6,Tidak,2.150152354126435
2023-04-16,06:00:00,Full Moon,3473.1430439176174,45.94747770441216,385029.93869394803,-0.09734861986322807,8,Tidak,1.9459232016962806
2023-04-16,12:00:00,Last Quarter,3473.8232986749435,88.88998257857823,384251.19108035974,-1.0829113478313601,5,Tidak,0.9222905580669568
2023-04-16,18:00:00,Waxing Crescent,3470.0385823641036,29.6399123316895,387507.17439604976,-1.4934729463498486,5,Tidak,2.0688387917590054
2023-04-17,00:00:00,New Moon,3471.9279036217763,66.83268228650417,385180.93125400215,-0.6851586644199847,8,Hujan,1.9797494265071156
2023-04-17,06:00:00,Waxing Gibbous,3471.3636432744956,51.47790535541467,387207.7922358099,2.3641966786636264,2,Hujan,2.5787791026571947
2023-04-17,12:00:00,Full Moon,3473.701685408046,46.35329043398162,384720.2421680858,-0.17609375480135103,4,Tidak,2.426505347213233
2023-04-17,18:00:00,Full Moon,3474.665871932559,41.133761655578965,384993.2800972743,1.4131768350742258,6,Hujan,1.8749918408819124
2023-04-18,00:00:00,Waxing Gibbous,3474.6837807274924,62.47694230363367,382122.6611750233,-1.8879028319740943,8,Tidak,2.466843621923484
2023-04-18,06:00:00,First Quarter,3470.019435343293,77.6441952568893,383675.89593433455,1.992690225375085,4,Tidak,1.706785466507732
2023-04-18,12:00:00,Waxing Gibbous,3470.3318927931145,39.494647651425616,384930.6942186508,1.9912680696104612,7,Tidak,1.7493097886332933
2023-04-18,18:00:00,Waning Crescent,3470.105909756011,52.34444471365096,384590.3981246731,-1.4557098752360462,2,Tidak,1.2244016840090737
2023-04-19,00:00:00,Waning Crescent,3474.047391749452,62.836311000955945,387525.6622445433,2.008932623025,6,Tidak,1.2754583581578163
2023-04-19,06:00:00,Full Moon,3473.1786469414624,41.14300785562206,387110.6058187268,-1.0913014592898052,6,Tidak,1.8721637157784856
2023-04-19,12:00:00,Waning Gibbous,3470.3628046396534,28.260141503036262,384234.2913703929,-1.4773841626471973,4,Tidak,0.8947235001163033
2023-04-19,18:00:00,Waning Crescent,3473.310659035742,46.767303957724735,383657.66590499383,2.367562028968094,4,Tidak,0.31835379997618984
2023-04-20,00:00:00,Waxing Crescent,3472.5770821763253,90.18275570180649,381336.3530665652,1.817825610368328,5,Tidak,1.5249926283791875
2023-04-20,06:00:00,Waxing Crescent,3471.5750249089856,12.174314757273471,386145.5646150174,2.100486183345831,5,Hujan,1.4347206825677743
2023-04-20,12:00:00,First Quarter,3473.58905020204,38.07755616531209,383638.902231426,2.060358829843528,2,Tidak,1.9499371158512049
2023-04-20,18:00:00,Waxing Crescent,3474.3077596095927,28.828633523520146,384664.553220231,-1.554420674434355,11,Tidak,1.5177329121642562
2023-04-21,00:00:00,Full Moon,3470.007652878535,49.36607482835,382676.72863634664,1.4281067232811613,5,Tidak,0.6767176646044097
2023-04-21,06:00:00,Last Quarter,3470.3617212704717,16.520777956789168,384573.9425265732,-1.238020419423461,6,Tidak,1.1635519575657485
2023-04-21,12:00:00,Waxing Gibbous,3470.814151220145,57.53322594636563,385115.4801977004,0.02482010141071278,8,Tidak,3.1691101908660095
2023-04-21,18:00:00,Waning Gibbous,3473.6790387108194,1.2655320951461846,385091.0260612657,-1.1811160224454353,4,Tidak,2.561866185742981
2023-04-22,00:00:00,First Quarter,3471.5325375558277,82.67027642948955,384803.2780970226,0.5168640739047028,6,Tidak,1.6246514822077114
2023-04-22,06:00:00,Waxing Gibbous,3472.7818359014486,39.132567140569535,381013.04826270515,-0.5086336663896707,4,Tidak,2.096289016361231
2023-04-22,12:00:00,Waning Gibbous,3474.6217502632207,80.32121654244354,384479.86232638115,1.2741925885389618,2,Hujan,0.9696087274702775
2023-04-22,18:00:00,Waxing Crescent,3471.1448387155974,28.53074288248385,384098.0251491565,-1.4488246798192943,2,Hujan,2.613083667080801
2023-04-23,00:00:00,Last Quarter,3472.0494991429405,34.97519111359064,386221.99763001536,2.01640500070108,3,Hujan,2.351031834726103
2023-04-23,06:00:00,Last Quarter,3472.131692880537,52.37602705073886,384991.19205389445,-0.7561377550817159,4,Tidak,0.8866783527564635
2023-04-23,12:00:00,Waning Gibbous,3473.73131738866,54.16182699078354,385437.0409004388,-1.0222284708542801,2,Tidak,1.8432131729395023
2023-04-23,18:00:00,New Moon,3473.99016861381,37.118384566362366,385337.9186191026,1.8061542631060492,5,Tidak,1.424465786793015
2023-04-24,00:00:00,First Quarter,3473.5270966305693,77.37377874592835,385734.0817671911,1.71276598387733,4,Tidak,1.4105320408465052
2023-04-24,06:00:00,Waxing Gibbous,3472.886152411181,39.516943533186506,384940.5691726725,-0.06017359487370588,5,Hujan,1.2742620585395024
2023-04-24,12:00:00,Full Moon,3474.9367935725895,38.42935985300493,382766.9855549066,-0.8198890095500215,4,Tidak,1.3685519026525295
2023-04-24,18:00:00,Full Moon,3473.26657946087,38.85740246454065,380836.24826121493,-1.2830925525614394,7,Tidak,2.396714283550955
2023-04-25,00:00:00,First Quarter,3470.7732564457224,29.73131307363349,384081.5131641038,-1.5674255811763609,11,Hujan,1.8545368958795045
2023-04-25,06:00:00,Waxing Gibbous,3470.561696203041,92.6299260020584,385893.5571439238,1.6858668826157102,6,Tidak,2.5592997173313847
2023-04-25,12:00:00,Waning Crescent,3472.8370205094957,50.72845435065625,385081.7896343129,-1.9668969278756625,7,Tidak,1.2323937301669992
2023-04-25,18:00:00,Waxing Crescent,3470.867594338175,61.69478830455498,384083.31876671524,1.1068929592896595,7,Tidak,1.9514008733593322
2023-04-26,00:00:00,First Quarter,3470.6711471812937,23.024730394703006,383475.5394659366,0.3264393189849635,3,Hujan,1.3233423045504427
2023-04-26,06:00:00,Waxing Crescent,3471.455092488982,24.26720075027211,386052.664779884,0.7968163722036223,6,Tidak,1.1787521971699928
2023-04-26,12:00:00,Waning Crescent,3471.5433517445326,36.40734985494544,384908.9614971816,-1.5731665825359797,4,Tidak,1.780763178734642
2023-04-26,18:00:00,Waning Gibbous,3474.335650163646,23.05326875916945,382060.59555094194,-0.6734178120291348,2,Tidak,1.4187115380271922
2023-04-27,00:00:00,Waxing Gibbous,3470.391853672883,59.18733677245615,384436.13394116046,-1.1396924084405633,2,Tidak,1.589852640839484
2023-04-27,06:00:00,First Quarter,3474.922816524909,60.86818405306695,385336.4717006691,-0.324741735751251,6,Hujan,2.2306282537109223
2023-04-27,12:00:00,New Moon,3473.396812982457,71.0608710922424,385828.15009574156,1.51185864448997,5,Tidak,1.0932747162303795
2023-04-27,18:00:00,New Moon,3471.149180558349,14.041654638755631,387868.14570717525,-0.8405905835229268,4,Hujan,2.0962372751852354
2023-04-28,00:00:00,Waning Gibbous,3471.8623808391503,100.0,384693.1999223846,-1.7289072804532597,6,Tidak,2.1662979113726677
2023-04-28,06:00:00,Full Moon,3470.2508812360943,63.07267919711611,388147.4893201384,-1.1849948340305103,6,Tidak,2.391357250276693
2023-04-28,12:00:00,New Moon,3471.7429886010523,60.21606610198247,384700.62043826556,-0.9930717817659644,2,Tidak,0.9764783909387058
2023-04-28,18:00:00,Waxing Gibbous,3474.4075083040943,66.67986872793364,380001.37559358514,0.5416361184825265,4,Tidak,1.9011527305220968
2023-04-29,00:00:00,Last Quarter,3474.1340293901662,57.206949661010796,382607.8380798868,0.43878124429601595,3,Tidak,2.8881284624810606
2023-04-29,06:00:00,New Moon,3470.8400338762085,51.06186825422263,383142.0806172505,-0.9241524191697927,1,Tidak,1.5141546968111712
2023-04-29,12:00:00,Waning Crescent,3472.0240314797115,46.04003114169306,380102.25442693586,2.3581807592950454,7,Tidak,3.1576905761319813
2023-04-29,18:00:00,Waxing Crescent,3472.9682871254563,75.54656346307658,386627.0035898695,1.9982311251145002,4,Tidak,1.3024536278979588
2023-04-30,00:00:00,Full Moon,3473.0101857760296,16.168211879086655,385175.95831197494,-0.6739810174212622,5,Tidak,1.3699257996442633
2023-04-30,06:00:00,New Moon,3473.3532674788216,0.0,385385.9104875519,-0.7194747773876453,5,Tidak,2.7108550397216082
2023-04-30,12:00:00,Full Moon,3474.2408120513755,12.645771207445328,383875.2983408739,1.6953084433566605,2,Tidak,1.5055338717420823
2023-04-30,18:00:00,Waning Crescent,3473.8261463191143,22.9329035647421,387446.3665690973,0.976053500456517,6,Hujan,2.510830205935479
2023-05-01,00:00:00,Waxing Gibbous,3472.989545293192,37.11972993285167,386685.41721985606,-1.8627243921567487,4,Tidak,1.0937605636490735
2023-05-01,06:00:00,Waxing Crescent,3470.921221421088,70.57764801492434,383843.35475900816,0.08020709458274844,5,Tidak,1.96711118522839
2023-05-01,12:00:00,First Quarter,3470.42801837559,38.40369139091445,384955.6038793957,1.3950229819963398,7,Tidak,1.9294164507800653
2023-05-01,18:00:00,Last Quarter,3474.513599918734,25.956034383772028,380747.40781031357,1.9898185094171859,4,Hujan,3.032247561112267
2023-05-02,00:00:00,Full Moon,3472.699850008078,95.95018745408424,385181.3278881585,1.5434141431579222,0,Hujan,0.9493669107207691
2023-05-02,06:00:00,New Moon,3474.349782715676,72.3861733708431,386905.1861539461,-0.35198857305969344,3,Tidak,2.1487493602848398
2023-05-02,12:00:00,Waning Crescent,3472.237142924134,68.03460584203428,384746.90866014536,-0.21697689709036938,5,Hujan,2.015924983894429
2023-05-02,18:00:00,Waxing Gibbous,3471.2101170278343,36.048829721048364,384759.444126177,1.1736845972419903,5,Tidak,2.125702629893507
2023-05-03,00:00:00,Last Quarter,3471.8320972766373,65.13867642889723,383904.0823184922,0.4581649055405772,4,Hujan,1.7965058523015445
2023-05-03,06:00:00,Last Quarter,3471.753441364509,78.20620663544472,384715.68706821656,-1.5599032075411912,10,Hujan,1.2844151204823326
2023-05-03,12:00:00,Full Moon,3473.400362645158,12.92943960245531,381344.9307272855,1.1007343372216978,5,Hujan,2.0979252886340274
2023-05-03,18:00:00,Waning Gibbous,3471.228101979956,26.750546685079172,383610.13058644964,1.7767435496571573,4,Hujan,1.6004459305584653
2023-05-04,00:00:00,New Moon,3472.320456936815,14.522448840262307,383685.7996215471,1.7037537628984647,5,Tidak,1.5300755917606987
2023-05-04,06:00:00,Waxing Gibbous,3473.869058053225,65.85403130385679,383932.617426262,-0.35046684607303424,7,Tidak,2.4454219209099697
2023-05-04,12:00:00,Waxing Crescent,3471.670981108975,33.06543813077927,384784.31228949485,-0.6541356399895997,6,Tidak,1.2971125196441138
2023-05-04,18:00:00,Waxing Gibbous,3473.9961226183805,33.62328980848259,383315.39515159617,-1.0866717719816723,4,Hujan,3.031074722177077
2023-05-05,00:00:00,Waning Crescent,3474.0495355452786,15.017985753343382,383410.1366594262,-0.11632681202475892,6,Hujan,0.8806828933125873
2023-05-05,06:00:00,Waxing Crescent,3471.9462733247897,58.864499847545105,387124.8253362685,0.6401799192090842,4,Tidak,2.20647980202361
2023-05-05,12:00:00,Waning Crescent,3472.762603984019,50.29503756820907,381175.87463708024,1.3176551671975187,10,Tidak,1.9595492855513519
2023-05-05,18:00:00,Waxing Gibbous,3472.959725055346,63.76277037502044,387008.0456277467,2.3312861808535636,5,Hujan,1.9654551679616754
