Date,Time,Moon_Phase,Moon_Size_km,Illuminated_Surface_%,Moon_Distance_km,Tide_Elevation_m,Fish_Caught,Rain_Status,Seismic_Magnitude
2023-01-01,00:00:00,New Moon,3471.872700594237,60.25267927331478,385275.89227798895,0.6833484108360368,5,Rain,1.0205118782327762
2023-01-01,12:00:00,Waning Gibbous,3474.7535715320496,100.0,383861.0618638194,0.5696679238003091,2,Rain,1.9364591736666434
2023-01-02,00:00:00,Last Quarter,3473.659969709057,78.51271514558151,385285.98224603845,-2.1667397971965503,1,No Rain,2.224926759886675
2023-01-02,12:00:00,Last Quarter,3472.993292420985,32.69289033012791,386063.05537087435,0.09204010972602017,1,No Rain,0.7869388156194119
2023-01-03,00:00:00,Last Quarter,3470.7800932022124,23.04755985954926,385630.7232717961,-1.7491549959147918,7,Rain,1.6391494895639158
2023-01-03,12:00:00,First Quarter,3470.779972601681,64.75757514519518,385160.911046661,1.1871688436074281,5,Rain,1.3475388938213364
2023-01-04,00:00:00,Waning Gibbous,3470.290418060841,10.393003789380735,386000.0120343837,0.06110960406337229,5,No Rain,1.84961529036007
2023-01-04,12:00:00,Waning Gibbous,3474.3308807288745,100.0,386153.9433856685,0.9011388960417666,8,No Rain,0.8916703937365744
2023-01-05,00:00:00,First Quarter,3473.005575058716,85.38320362163861,386473.2384865563,-2.2916354969880786,3,No Rain,2.314469112821788
2023-01-05,12:00:00,Full Moon,3473.5403628889803,35.92473043685885,385373.06483138446,-2.076039919770984,5,No Rain,0.6960525967854654
2023-01-06,00:00:00,New Moon,3470.102922471479,0.0,384149.3228795247,1.0816169403134115,3,No Rain,1.377859530111733
2023-01-06,12:00:00,First Quarter,3474.84954926081,90.61617122496239,384620.07052964997,-2.139578320006633,5,Rain,1.71714803799768
2023-01-07,00:00:00,Last Quarter,3474.162213204002,46.563804642421466,386209.76344976254,-2.143716361173707,1,No Rain,1.1568315765325874
2023-01-07,12:00:00,Waxing Crescent,3471.0616955533915,87.13448935920385,383174.59649351914,-2.4394576238255627,7,No Rain,1.0782992257714812
2023-01-08,00:00:00,Waxing Crescent,3470.9091248360355,2.1671702361689853,384953.00996330933,2.2825069914974003,2,No Rain,1.611117818315262
2023-01-08,12:00:00,Last Quarter,3470.917022549267,32.01874931138681,383809.99178150896,1.1875417972950348,4,No Rain,1.53887995999554
2023-01-09,00:00:00,Waning Gibbous,3471.521211214798,50.15731099154549,384443.1172344022,-0.7337429574896792,6,Rain,1.5029690847075747
2023-01-09,12:00:00,Waxing Gibbous,3472.6237821581612,51.40941781294226,386317.67779391096,-1.0173220935617238,7,Rain,1.929344255732813
2023-01-10,00:00:00,Waxing Gibbous,3472.1597250932105,36.49803585562269,384686.64860202983,-0.7514838512707522,9,No Rain,1.3027636532859894
2023-01-10,12:00:00,Last Quarter,3471.4561457009904,68.68549797042496,384469.65482223424,1.3732676559059094,4,Rain,1.6597963248975023
2023-01-11,00:00:00,Waning Gibbous,3473.059264473612,17.971387118522166,382360.2157885301,0.8068530553520721,1,Rain,1.2466985958620926
2023-01-11,12:00:00,Waxing Crescent,3470.6974693032603,45.72861544936119,385519.38034904085,-1.5740221606626603,4,Rain,1.075335257085296
2023-01-12,00:00:00,Full Moon,3471.460723242676,53.60886895135697,385368.22627171164,-1.6294533233295783,6,Rain,1.3576206857549908
2023-01-12,12:00:00,Full Moon,3471.8318092164686,65.43316502176248,387644.8820849582,-2.0080217514330134,3,No Rain,1.250617406403184
2023-01-13,00:00:00,First Quarter,3472.280349921085,71.34844634266669,383938.3326475705,0.8015135985066908,4,Rain,1.2755980994186094
2023-01-13,12:00:00,Waning Crescent,3473.925879806965,16.260737244863925,384728.7254914959,1.3218633111086797,2,No Rain,2.0826637089010807
2023-01-14,00:00:00,Last Quarter,3470.9983689107917,3.976574877931334,384774.0755255661,-1.1747678583749799,6,No Rain,1.3729482729822229
2023-01-14,12:00:00,Last Quarter,3472.571172192068,88.33030465695526,386766.1799196452,-2.395275194845436,8,No Rain,1.1685466638600674
2023-01-15,00:00:00,Waxing Gibbous,3472.96207284431,59.96942035938775,384257.0567014196,-2.0891416626178634,7,Rain,1.5140393870239952
2023-01-15,12:00:00,Waning Gibbous,3470.2322520636,27.54540390330339,384818.5322886555,2.3393001742251522,2,No Rain,1.5521139695642037
2023-01-16,00:00:00,Full Moon,3473.0377242595073,96.53455926567568,385311.8447645748,-1.0227761126128987,6,Rain,0.9065593852029643
2023-01-16,12:00:00,Waxing Gibbous,3470.8526206184365,53.47023902878576,384679.91368473455,1.346115739190668,9,No Rain,1.3507968640380783
2023-01-17,00:00:00,Waning Gibbous,3470.3252579649265,85.37891552191479,383730.3495781742,0.6233178442713188,3,No Rain,1.3306578379507015
2023-01-17,12:00:00,Waning Gibbous,3474.7444276862666,52.02555444230327,384691.1349893475,-0.5903018017355204,8,No Rain,1.4139278631457632
2023-01-18,00:00:00,New Moon,3474.828160165373,100.0,386010.44762478967,-1.4715636890222243,7,No Rain,1.8627641865189928
2023-01-18,12:00:00,Waning Gibbous,3474.041986740582,100.0,382860.2270508834,-1.8930679092029679,6,No Rain,1.5683359355814412
2023-01-19,00:00:00,Waxing Gibbous,3471.523068845867,42.53107554562779,384599.45451122033,0.575064840194333,10,No Rain,2.113968673692665
2023-01-19,12:00:00,Waning Crescent,3470.488360570032,79.14712852863066,383349.8187775912,1.3731689031889398,5,No Rain,1.4941698220555923
2023-01-20,00:00:00,Waning Crescent,3473.421165132561,69.36127848755443,386192.56994338724,0.7195212677056535,5,No Rain,2.3880436401900322
2023-01-20,12:00:00,Waxing Crescent,3472.200762468698,91.05894672597046,382115.2196428243,0.15151066624579146,5,No Rain,1.2696124931341735
2023-01-21,00:00:00,Waning Gibbous,3470.610191174224,21.052296182596866,383561.61722909263,-2.2902438828418186,5,No Rain,1.115218809417438
2023-01-21,12:00:00,Waning Crescent,3472.475884550556,70.58154379995318,384965.8178125968,2.3424438879719194,4,No Rain,1.773651337388487
2023-01-22,00:00:00,Waning Crescent,3470.171942605576,81.75273460548763,386748.2860438515,1.4935709582728727,10,No Rain,2.1820409687325086
2023-01-22,12:00:00,Waning Crescent,3474.546602010394,0.0,384301.3746083905,-1.0358898164951764,3,No Rain,0.8105983477073868
2023-01-23,00:00:00,First Quarter,3471.293899908,14.502244620026744,383567.2007099602,2.3998516467942537,2,No Rain,1.4015046758928424
2023-01-23,12:00:00,New Moon,3473.31261142177,0.0,387221.7356041609,0.5094079481816105,6,Rain,1.1946090274570647
2023-01-24,00:00:00,New Moon,3471.558555380447,41.917794966663266,382227.97914937563,0.4121132910362322,4,No Rain,1.5714255064960398
2023-01-24,12:00:00,Waxing Crescent,3472.6003401058892,71.52626767387886,381101.7910650699,1.2403658971476608,4,Rain,1.5050089617497024
2023-01-25,00:00:00,Full Moon,3472.7335513967164,95.07071156288085,385060.02167508,1.5588489404506873,8,No Rain,2.1726906238138604
2023-01-25,12:00:00,Last Quarter,3470.9242722776276,52.22284341259326,383646.91866347106,0.7823930366575134,5,Rain,1.4457976035626083
2023-01-26,00:00:00,Waning Crescent,3474.847923138823,98.85846636713876,382868.15077430394,-1.8595212681689999,4,Rain,2.1873920494851147
2023-01-26,12:00:00,Full Moon,3473.8756641168056,8.596956253553259,385462.53467094904,-0.808662470027508,7,No Rain,1.342449831990657
2023-01-27,00:00:00,New Moon,3474.697494707821,0.0,384765.7010706568,2.140418201630249,4,No Rain,1.9632409375526083
2023-01-27,12:00:00,Waning Crescent,3474.4741367521383,48.33356903310143,383553.8820538949,-1.3769219407807403,2,Rain,1.6143315140683596
2023-01-28,00:00:00,New Moon,3472.9894998940554,61.521963468179216,382479.54340199364,-0.6391648808124333,2,No Rain,2.3649426993417224
2023-01-28,12:00:00,Full Moon,3474.6093711751155,49.01915755717721,385708.68599242024,-0.33961558527902014,3,Rain,0.7614925685927859
2023-01-29,00:00:00,Waning Crescent,3470.4424625102597,0.0,385375.301766938,-0.30297505152773896,3,Rain,0.9180711411200877
2023-01-29,12:00:00,Waxing Gibbous,3470.979914312096,47.32639881461635,384251.2362043309,0.5646979124726275,8,No Rain,2.4158111423291935
2023-01-30,00:00:00,New Moon,3470.2261364445526,10.865914984854406,387169.9554940715,2.2153791887235377,6,No Rain,1.133367453256823
2023-01-30,12:00:00,New Moon,3471.626651653816,70.09017646490116,382794.87285051076,-1.296536440837475,0,Rain,1.1650983209620693
2023-01-31,00:00:00,First Quarter,3471.943386448447,60.99794738290545,382111.7122436129,-1.8924931184954097,8,No Rain,1.062138207250073
2023-01-31,12:00:00,Waxing Gibbous,3471.3567451588697,21.80360641017934,383362.1378951781,-1.5126475507003134,5,Rain,2.074222978266862
2023-02-01,00:00:00,Full Moon,3474.14368754576,34.583992479899194,384331.62097546674,1.9346245010463479,4,No Rain,0.8732711933874377
2023-02-01,12:00:00,First Quarter,3471.783766633468,18.223594343331452,384765.00917398406,0.7290540632760303,5,No Rain,1.5112252061388305
2023-02-02,00:00:00,New Moon,3471.404672548437,48.11962708180484,384038.1459132155,-1.0704660538041995,7,No Rain,1.3671890891097311
2023-02-02,12:00:00,Full Moon,3472.7134804157913,78.65426961503715,384928.0830947714,1.5797346948430864,6,No Rain,2.0182577917522173
2023-02-03,00:00:00,Waxing Crescent,3470.704621124874,20.428218609933687,382522.6908637143,1.8068499818171802,3,No Rain,1.2181586688341777
2023-02-03,12:00:00,First Quarter,3474.0109849037703,65.12139546553533,386565.6469061099,1.7325716934513906,4,No Rain,1.707636289556637
2023-02-04,00:00:00,Full Moon,3470.372753218399,34.09227144882678,384276.7732324111,2.0946326681977725,2,Rain,0.9143919133113652
2023-02-04,12:00:00,New Moon,3474.9344346830026,26.213815032129673,386075.9437473822,-1.238794899133192,4,No Rain,2.6369705193386004
2023-02-05,00:00:00,Waxing Crescent,3473.8612238464834,46.78908920136327,384914.08801956655,1.2752096437313916,1,No Rain,1.3802038376731456
2023-02-05,12:00:00,New Moon,3470.993578407671,18.94273032741878,385085.12982873066,-0.19730251362930007,9,Rain,1.5043817424426835
2023-02-06,00:00:00,Waxing Crescent,3470.027610585618,33.39052083958454,385254.6509203483,1.7099927644503072,3,Rain,2.327377179425271
2023-02-06,12:00:00,Full Moon,3474.077307142274,14.063663222334547,385071.562840026,1.142453385808066,1,No Rain,1.2066636128473953
2023-02-07,00:00:00,New Moon,3473.534286719238,100.0,385364.0841398013,1.382237232498623,5,No Rain,2.333691171469308
2023-02-07,12:00:00,First Quarter,3473.645035840205,51.05790655915186,386393.72879519867,0.7808091884053576,4,Rain,1.2942644129310197
2023-02-08,00:00:00,Waxing Gibbous,3473.8563517334296,29.008234760222432,384694.7817545522,-1.6128561526514655,6,Rain,1.8358490919106296
2023-02-08,12:00:00,Waxing Crescent,3470.3702232586706,56.41939732202666,385463.5056363828,0.22513459448469142,5,No Rain,1.2136591799203507
2023-02-09,00:00:00,Full Moon,3471.7923286427213,46.630158509275105,384265.39645856916,2.423348697622541,8,No Rain,0.8219817774276328
2023-02-09,12:00:00,Last Quarter,3470.5793452976254,43.37091201400331,386560.1758231742,2.1869403324855945,5,No Rain,1.7072971752703079
2023-02-10,00:00:00,Waning Gibbous,3474.315517129378,68.42500100130276,383385.4115469111,-2.2841313210149417,7,No Rain,1.8199517004917665
2023-02-10,12:00:00,Last Quarter,3473.116490634138,72.72523130141916,387101.4106493662,-1.6759259213528144,4,Rain,0.8420571288368807
2023-02-11,00:00:00,Waning Gibbous,3471.6544901242632,34.08496557168418,384339.7630740335,-1.8413561327271903,1,No Rain,1.346470840545644
2023-02-11,12:00:00,Waxing Crescent,3470.31779175143,32.725452780659595,382253.83734682295,1.1298995499264777,5,No Rain,2.1003794807684533
2023-02-12,00:00:00,New Moon,3471.554911608578,41.74844908545068,384592.15662236616,1.5889266492847254,4,No Rain,1.800059475398305
2023-02-12,12:00:00,Full Moon,3471.6259166101336,0.0,383378.4225137877,-1.4324431684466403,3,Rain,1.3023924991079747
2023-02-13,00:00:00,Waxing Crescent,3473.6480308916903,4.544268134043435,385660.9653234831,0.029263464759145208,2,No Rain,1.2012371491827722
2023-02-13,12:00:00,Last Quarter,3473.187787356776,91.00622802333574,383421.0640310464,1.703515140056,12,No Rain,2.4741221625673884
2023-02-14,00:00:00,Waxing Crescent,3474.4360637128816,99.34903140503852,383730.7248501778,1.164007723831253,5,No Rain,0.776533965098571
2023-02-14,12:00:00,Full Moon,3472.3610746258096,42.52891881330865,381565.6889035817,0.21118602745924164,10,No Rain,1.4704007127956986
2023-02-15,00:00:00,Waxing Gibbous,3470.5979712296917,67.29670889167299,383721.54052112636,0.45173845229386433,6,Rain,0.7676515631530278
2023-02-15,12:00:00,Waxing Crescent,3473.566223936115,59.33750463630608,380764.1810100566,0.041802734581399825,1,No Rain,2.1574073224221406
2023-02-16,00:00:00,First Quarter,3473.8039252430844,100.0,382024.14576477144,-1.0122577434058972,6,No Rain,1.4964381938958315
2023-02-16,12:00:00,First Quarter,3472.8063859878475,83.5872473430373,385540.62198421644,0.32510996429508054,2,No Rain,1.5890870423847174
2023-02-17,00:00:00,Last Quarter,3473.8548358997728,46.162472255577,385578.70023797627,0.9444265102504534,4,No Rain,2.8844461548138045
2023-02-17,12:00:00,Waning Gibbous,3472.468977981822,21.33378678198723,385038.18634267745,1.8666145793040387,5,No Rain,1.2032636621318034
2023-02-18,00:00:00,First Quarter,3472.61366414691,1.8066103922728232,382949.5357853062,0.6814567698962404,8,No Rain,2.3742879570292668
2023-02-18,12:00:00,Waning Gibbous,3472.1377050917927,56.10390907601669,384328.432965787,1.30560768521579,4,No Rain,1.3046340427959058
2023-02-19,00:00:00,Full Moon,3470.1270956337203,27.3094776414709,384394.59619136417,-1.699641825227135,2,Rain,1.3832437712075507
2023-02-19,12:00:00,First Quarter,3470.5394571349666,7.332388712069772,382662.4529662112,-0.19221262790105076,1,No Rain,2.8190876283102995
2023-02-20,00:00:00,New Moon,3470.1571459284337,30.602813472724204,386655.0974526507,-2.4533419008645336,8,No Rain,1.4194548113691634
2023-02-20,12:00:00,Waxing Gibbous,3473.1820520563188,17.55355989156815,385716.0434358635,-1.266605677391885,8,No Rain,0.812814297852376
2023-02-21,00:00:00,Waning Crescent,3471.571779905382,100.0,384068.5537392555,1.1323085755650242,4,No Rain,1.6409593940631562
2023-02-21,12:00:00,Waxing Gibbous,3472.5428534558237,76.44919270848351,384440.3287584918,2.4590497567468175,1,No Rain,1.413631587416498
2023-02-22,00:00:00,Last Quarter,3474.5378323696305,49.76082076050148,384712.5742119213,-2.0041095020639204,9,No Rain,1.6835479208669302
2023-02-22,12:00:00,Waning Crescent,3471.2464611457444,94.39832416670077,381337.3976973636,-0.49252842069355873,4,No Rain,1.4332011033361152
2023-02-23,00:00:00,New Moon,3472.0519146151782,52.321049229428546,384029.2339262191,1.5003548434957974,2,No Rain,2.6077723081023825
2023-02-23,12:00:00,Waxing Gibbous,3473.7777556927153,24.16147396015209,383377.0236280033,-1.4798218268555057,4,No Rain,1.7783679194179678
2023-02-24,00:00:00,Waxing Crescent,3471.1439908274583,95.69372231808973,382897.56998515764,0.27542474651143145,3,Rain,0.962517686137091
2023-02-24,12:00:00,First Quarter,3470.384899549144,66.16730131053976,383978.3495606711,1.165356480148374,8,Rain,1.5622734010119272
2023-02-25,00:00:00,First Quarter,3471.448757264569,18.88261537020631,387096.5297902743,0.5799272513008953,9,No Rain,1.1001850879164805
2023-02-25,12:00:00,Last Quarter,3470.80610643627,44.289839657491754,385361.2642919005,-1.5598763269229194,4,Rain,1.3761430787485232
2023-02-26,00:00:00,Last Quarter,3474.648488261713,23.731452398457286,383543.2315153258,-0.723077156571303,4,Rain,1.0447796447165887
2023-02-26,12:00:00,Waning Gibbous,3474.040601897822,8.516008071069919,385258.87417203427,1.4189589224269863,5,No Rain,2.553559261603011
2023-02-27,00:00:00,Full Moon,3473.167018782552,77.78532642594925,386499.033154879,0.27113257066008334,11,No Rain,1.1543076924108893
2023-02-27,12:00:00,Last Quarter,3474.3573029509384,100.0,385786.95052436914,-2.473851932285436,8,No Rain,1.8437821759970685
2023-02-28,00:00:00,Last Quarter,3474.0183603844957,8.04297278542576,384489.44555488025,1.3049538001404692,6,No Rain,1.3382602890616864
2023-02-28,12:00:00,Last Quarter,3470.93285029443,66.88907710071713,383429.59483344166,-2.3234432252988046,2,No Rain,0.9207934137136049
2023-03-01,00:00:00,Waxing Crescent,3474.4627949924497,30.48072292634519,385447.3349704204,1.2286689136561608,8,No Rain,1.5988246514497535
2023-03-01,12:00:00,First Quarter,3472.696711209578,35.38623848705912,384990.2280781326,-1.487597199173813,7,Rain,1.7003459185428533
2023-03-02,00:00:00,Waning Crescent,3474.03720077582,32.228182272833926,385742.7898300416,2.2903674005969012,6,No Rain,1.7793132663772568
2023-03-02,12:00:00,Waxing Crescent,3474.4804564996175,24.08027690960552,385352.75770252297,-0.6602962434895776,5,No Rain,0.18889042272952872
2023-03-03,00:00:00,New Moon,3471.590017374859,51.45564883834481,385974.329072979,-0.8653419183096045,3,No Rain,0.8825771431654544
2023-03-03,12:00:00,Waxing Gibbous,3470.5502596226384,25.07149650766887,383597.14718265913,-1.7555597483377765,5,No Rain,1.9787773595109424
2023-03-04,00:00:00,Full Moon,3471.13967581271,58.11370477339516,386376.09109845146,-0.9719789225489257,3,No Rain,1.038196518695604
2023-03-04,12:00:00,Last Quarter,3472.1355389431315,48.49285671652589,384696.3994070386,1.883253809141003,3,Rain,1.6014720251550556
2023-03-05,00:00:00,Waning Crescent,3474.0900738296123,42.83155859400771,387512.8913089379,2.4816716881362364,7,No Rain,0.8709876523856073
2023-03-05,12:00:00,Waxing Crescent,3474.303652916282,22.773090138752064,383366.21827286563,-0.6584523474657584,4,No Rain,1.8658005510792202
2023-03-06,00:00:00,New Moon,3470.034760652656,32.69686008295002,387003.94570474786,-0.2569468452272874,4,No Rain,1.965634797997787
2023-03-06,12:00:00,Waning Gibbous,3472.553736512888,72.66173677477268,384696.866175194,1.1103546910136854,6,Rain,1.8659549530861834
2023-03-07,00:00:00,Waxing Gibbous,3472.0870550157438,65.02751562873142,383422.8729945783,1.9309789023253723,6,No Rain,2.0162784061767987
2023-03-07,12:00:00,Last Quarter,3471.1105390523535,20.67334265604347,383674.1712489185,0.46522167093392053,3,No Rain,2.2819500724497663
2023-03-08,00:00:00,Last Quarter,3470.5993268366683,52.97996916287678,383919.47903770854,-0.5423715091108532,4,Rain,0.9129629341955127
2023-03-08,12:00:00,First Quarter,3471.6880758570182,72.54161370115366,385036.2489196029,-0.4368907957568813,6,No Rain,1.1056640344243187
2023-03-09,00:00:00,Last Quarter,3474.7145485195624,0.0,385184.25323205325,0.9780907324840342,6,No Rain,1.9487717851518975
2023-03-09,12:00:00,Waning Crescent,3471.6160146601037,66.30080577139805,383539.4499940921,-2.4839086819786065,6,No Rain,2.0651098859187407
2023-03-10,00:00:00,Waning Crescent,3472.593953108717,30.1212872316246,384363.4681116085,0.5979466872992036,6,No Rain,1.1628285232140372
2023-03-10,12:00:00,Waxing Crescent,3473.5150947944758,67.11796005779478,387613.4055379178,-0.722534947793213,3,No Rain,1.128056967337208
2023-03-11,00:00:00,Waning Gibbous,3471.8181480118965,27.102225303724495,386991.31475515105,1.4709866563854215,5,No Rain,1.1738932550347472
2023-03-11,12:00:00,Last Quarter,3474.858910413605,0.0,385054.48550451105,-2.035046800884339,2,No Rain,0.697452517978027
2023-03-12,00:00:00,Full Moon,3474.8122364747105,1.1737268635051237,384457.0052172523,0.4410113347419524,5,Rain,0.8642944089129623
2023-03-12,12:00:00,Waning Gibbous,3471.2589114791267,51.442548399841456,384580.0469900774,-0.09513555056938117,3,No Rain,0.8763536774849233
2023-03-13,00:00:00,Waning Crescent,3472.486242529462,57.791675051644454,385320.2769590956,0.711627629526137,3,Rain,1.3529507630971833
2023-03-13,12:00:00,New Moon,3471.5043915490837,22.870501246867743,382865.81115220237,-2.175732027585158,5,Rain,1.6354182579169774
2023-03-14,00:00:00,New Moon,3471.4242024718874,69.15777376332122,384013.935193865,0.3999189371406562,11,No Rain,1.7167364158211862
2023-03-14,12:00:00,Full Moon,3470.184434736773,0.15439813193120244,381897.1238891836,0.3074229397976187,7,No Rain,1.2457188733621596
2023-03-15,00:00:00,New Moon,3473.0478216698993,48.0176060405805,384998.8346839079,0.30330047208085453,7,No Rain,1.2580064418595605
2023-03-15,12:00:00,First Quarter,3472.5133951161442,13.669514007126303,385370.79390955414,0.517438332982274,4,No Rain,1.5618307475756306
2023-03-16,00:00:00,First Quarter,3470.25739375625,30.444916765935226,383675.22030655097,0.8823396861318109,1,No Rain,0.7519927214252865
2023-03-16,12:00:00,Last Quarter,3471.393232321183,51.42196013949242,386760.9801449351,1.524944998403849,4,Rain,1.9797202660415445
2023-03-17,00:00:00,First Quarter,3474.5413294298332,24.187599041481427,382561.3515054965,-1.1508963993589283,5,No Rain,2.1426926395071355
2023-03-17,12:00:00,First Quarter,3471.1978094533347,38.46333367310524,382203.43767968524,1.6252470509003105,4,No Rain,1.18720968115598
2023-03-18,00:00:00,Waxing Gibbous,3470.724474360456,80.18878427643321,384736.67772783997,-0.008721588682731873,4,No Rain,1.3007819203256106
2023-03-18,12:00:00,Waxing Crescent,3472.4472638013876,32.69324391430554,385970.64745391824,-2.114708604328344,7,No Rain,2.121656112422585
2023-03-19,00:00:00,Waning Crescent,3474.928252270553,75.07076336195425,386925.8915371868,-2.2072453537801042,6,No Rain,1.4384742045050503
2023-03-19,12:00:00,Waning Gibbous,3471.2102763575576,16.10879436027146,383711.6736056966,-0.8288084065196961,8,No Rain,1.7941227229758148
2023-03-20,00:00:00,Waxing Crescent,3473.3606777370296,65.89412533745849,386018.02125014697,1.4244848855573378,4,Rain,1.453847303099613
2023-03-20,12:00:00,Waning Crescent,3473.8080980766435,93.247058619737,384342.23729574896,1.0384046737045787,3,No Rain,2.278153694240137
2023-03-21,00:00:00,First Quarter,3471.188187719962,0.0,384141.05905008875,1.443074823362032,0,No Rain,1.745039814125748
2023-03-21,12:00:00,Last Quarter,3473.641081743059,26.093142335885695,385725.48990623,0.08634528220804683,4,No Rain,1.7738278859595962
2023-03-22,00:00:00,Waning Crescent,3471.8389156635963,67.3121638154162,385378.4843176201,-0.29900501022254744,1,Rain,1.7831532693667933
2023-03-22,12:00:00,Waxing Crescent,3473.161529152968,43.90863841871022,382035.41176452365,-1.7627373664685804,4,No Rain,1.222443131836144
2023-03-23,00:00:00,Waxing Gibbous,3473.1676485538046,61.13437620113926,386614.81052458886,-0.8590362319534424,3,Rain,1.2683804315387324
2023-03-23,12:00:00,Waning Gibbous,3472.6788734203737,31.880444398525384,386470.1370312212,-0.32990316913062356,5,No Rain,1.8846228197799875
2023-03-24,00:00:00,Waxing Gibbous,3470.451448850272,52.597693624186995,383461.6559477357,-2.056997851601914,6,No Rain,1.5632064147168088
2023-03-24,12:00:00,Waning Gibbous,3474.1765124779463,45.32968293823762,384993.7053001561,-1.3969402364439438,6,Rain,0.9111944960941135
2023-03-25,00:00:00,First Quarter,3471.603900324859,85.03346184979422,385141.0452794241,0.49112647031869416,4,No Rain,2.43655221231239
2023-03-25,12:00:00,New Moon,3470.9325925519993,57.63262529903639,384791.01064873586,1.1783155711959492,4,Rain,1.98903593364855
2023-03-26,00:00:00,New Moon,3470.203875707774,60.128079862256065,383574.54226923187,2.4917375569647486,5,No Rain,1.5188131619225096
2023-03-26,12:00:00,Waxing Crescent,3472.9544647159414,37.64369101632598,383392.5649480929,2.1655666567177887,1,No Rain,1.3632495091000174
2023-03-27,00:00:00,Waning Crescent,3473.3878218092113,35.3718132778252,384361.6688935128,0.7128259976759574,9,Rain,1.5993379287650413
2023-03-27,12:00:00,Full Moon,3470.082939144639,37.023254365411375,386159.09352888906,-0.3937597335296399,7,Rain,1.7587600495787137
2023-03-28,00:00:00,Waxing Gibbous,3472.5604652914963,61.833564271348905,385215.40023189166,0.6808868235411634,5,No Rain,0.48349963216497627
2023-03-28,12:00:00,Full Moon,3471.13247887599,37.37046557539211,383844.07850187086,1.42825809040116,4,Rain,2.556174854742877
2023-03-29,00:00:00,Waxing Gibbous,3473.2258639520473,58.693245706892384,385557.5480659725,-1.9083190453830634,5,Rain,1.10505784541654
2023-03-29,12:00:00,Waxing Gibbous,3470.871832145025,100.0,380127.1860690549,-0.4504755515185588,4,No Rain,1.4990471835056214
2023-03-30,00:00:00,Waxing Crescent,3473.4546886905123,76.13374110295078,386123.14855055814,1.6990114281780864,1,No Rain,1.517433441389573
2023-03-30,12:00:00,Waxing Gibbous,3471.9336767315026,40.21929403496477,381790.42933183286,-0.5808352403347801,3,No Rain,2.4984251093444256
2023-03-31,00:00:00,Waning Crescent,3474.6836499436836,86.03641766491835,383856.3385878953,0.35936135613593256,7,Rain,1.4559380794966528
2023-03-31,12:00:00,Waning Gibbous,3470.68760472073,37.757738809353455,382720.4951580608,0.438846804310991,6,Rain,2.2942536471768147
2023-04-01,00:00:00,Waning Crescent,3471.7053317552513,0.0,382457.97778641863,-1.577618734331803,10,Rain,1.703363734730557
2023-04-01,12:00:00,Last Quarter,3470.567367606203,19.757410672477878,386141.2401810678,-0.6888227917385581,4,Rain,1.0190575688970254
2023-04-02,00:00:00,Last Quarter,3474.6234680913926,0.0,383698.44819803216,-0.8274435562903393,5,No Rain,1.5673537340514023
2023-04-02,12:00:00,Waxing Gibbous,3474.386696766905,39.45459547876074,384919.7558225961,-2.369016457339676,6,No Rain,1.4407456391425437
2023-04-03,00:00:00,Full Moon,3471.289708138576,50.55255137568655,384329.6191316812,-2.379041180543224,6,Rain,0.9579647575478855
2023-04-03,12:00:00,Waning Crescent,3473.2999202301708,100.0,385115.5612408347,1.6584852183788676,8,No Rain,1.678861384736121
2023-04-04,00:00:00,Full Moon,3474.086111001006,59.80782121292488,384515.2328365904,-1.1346459501359378,4,No Rain,1.511051374924928
2023-04-04,12:00:00,Waning Crescent,3472.7760040579974,43.426984135734074,382475.51166371716,0.09039383119407729,3,No Rain,1.7782108527292702
2023-04-05,00:00:00,Last Quarter,3472.64825289178,74.88216743550467,385894.4002291707,-1.0063721320561347,3,No Rain,1.5966763897991574
2023-04-05,12:00:00,New Moon,3471.209261454502,0.0,383659.36512525805,2.203396225576703,9,No Rain,1.1744485514929648
2023-04-06,00:00:00,Waxing Gibbous,3470.4655138390294,57.06843674325698,382065.1271520104,-1.2035162056711313,7,Rain,1.8841669961451573
2023-04-06,12:00:00,Waning Gibbous,3474.4860787897665,73.12595581660901,383757.82725855114,-0.3517159363053244,2,Rain,1.1878008598732106
2023-04-07,00:00:00,Waxing Crescent,3474.502090285817,5.642412626604752,386651.13968595146,1.8636512524230096,2,No Rain,0.04983526139163552
2023-04-07,12:00:00,Last Quarter,3473.1655072863664,84.31262129620788,385675.33261317026,1.7096678339590436,4,Rain,1.5643264739771083
2023-04-08,00:00:00,First Quarter,3471.6951489552434,60.15489222483242,383877.0217983882,-1.5694929107686133,6,No Rain,1.2229631363830051
2023-04-08,12:00:00,Full Moon,3471.746047873063,37.541362582975964,383876.11344352236,1.5132165489785523,9,No Rain,1.6910652521983174
2023-04-09,00:00:00,Waning Gibbous,3473.629778394351,68.98345598318855,383917.5474231739,-0.20906556631053697,11,No Rain,2.499435867969857
2023-04-09,12:00:00,New Moon,3474.485551299763,100.0,387515.1219753413,-0.08515563957322403,4,No Rain,2.5138698465740292
2023-04-10,00:00:00,Waxing Crescent,3474.4354321213254,55.45598765175485,384972.90317834733,-1.8326001379202812,7,No Rain,1.4174385388890802
2023-04-10,12:00:00,Waning Crescent,3473.899377729288,57.44661758901008,385045.0624707866,-2.096992431214377,7,No Rain,1.0867424143769722
2023-04-11,00:00:00,First Quarter,3473.2101582307714,36.21917301379268,385945.42518104776,1.139696534868826,3,No Rain,1.792341640958961
2023-04-11,12:00:00,Last Quarter,3470.420699824975,24.504668916056247,384758.18373853975,-0.017694238223501024,7,Rain,1.3148872040668227
2023-04-12,00:00:00,Waning Crescent,3470.808143570473,74.91007449632737,384011.436781269,-0.31574648692410223,5,No Rain,1.6958882611734714
2023-04-12,12:00:00,Waning Gibbous,3474.4927709426356,24.317485222733982,384105.47522637254,1.1475411432619835,2,Rain,1.1695696188865727
2023-04-13,00:00:00,Waxing Gibbous,3473.032145298298,52.146987116581776,384292.5981108789,1.3275644949555487,9,No Rain,1.625346208011376
2023-04-13,12:00:00,Last Quarter,3470.045985258083,35.670276597046495,384344.16664523527,-1.7054591616532322,6,No Rain,1.0940129238532619
2023-04-14,00:00:00,Waning Gibbous,3470.5073577143303,64.36939477239176,385491.44431545545,0.5511257473882063,3,No Rain,2.092126708015733
2023-04-14,12:00:00,New Moon,3473.3175088455405,60.00986315860845,384477.918828711,-1.8232295886115724,6,No Rain,1.2050111546236937
2023-04-15,00:00:00,Waxing Crescent,3470.025307919231,81.12619832773697,385498.96011582337,1.2568754301452283,3,No Rain,1.8305512678674845
2023-04-15,12:00:00,Last Quarter,3470.8040402570873,34.69950803435759,384278.9251298371,0.7847757813356977,2,No Rain,0.8676163584072405
2023-04-16,00:00:00,Last Quarter,3472.7436689468327,41.90375194119886,384517.95278547413,2.28307310541729,8,Rain,1.8905869283053456
2023-04-16,12:00:00,Waxing Crescent,3473.4594759884635,20.63708852653078,381402.69897320186,-2.155209918217894,4,No Rain,1.0168079653658997
2023-04-17,00:00:00,Waning Gibbous,3473.259806297513,36.67120219771665,385774.4915120537,-2.2147263942437285,5,No Rain,1.6305884034872546
2023-04-17,12:00:00,Waning Gibbous,3471.121346547303,61.319014791345566,384919.732713847,-1.0890646265339994,4,No Rain,2.011600486673993
2023-04-18,00:00:00,New Moon,3473.560896106738,72.70965849936056,385897.01516478945,-1.1914715813204702,3,No Rain,1.4000085507216102
2023-04-18,12:00:00,Waning Crescent,3471.186245437484,22.335040274671236,380055.61693270947,-1.265106004640001,4,Rain,0.9854165446270334
2023-04-19,00:00:00,Full Moon,3471.6269984907963,76.08817760316981,387532.5620571711,2.031272902605183,3,No Rain,1.7484062535679608
2023-04-19,12:00:00,First Quarter,3473.73245702559,90.66913576414854,384190.6155577672,-1.2522690007524695,11,No Rain,1.079509300506726
2023-04-20,00:00:00,Last Quarter,3473.248164495236,62.40304709671103,386062.2742251063,-1.140251369356845,6,No Rain,1.2978772004013857
2023-04-20,12:00:00,Waxing Gibbous,3474.2461170524707,100.0,382840.1411093117,1.2969913120898187,5,Rain,1.6327313297478636
2023-04-21,00:00:00,Waning Gibbous,3473.2880644615016,26.78632402689281,385319.1608575939,-0.2513007877472999,5,No Rain,2.1803380180538525
2023-04-21,12:00:00,New Moon,3472.8415430166774,12.660358900657492,382819.8766552395,1.383552784775906,5,No Rain,1.5132766768997343
2023-04-22,00:00:00,New Moon,3470.4683738391404,0.0,383464.3465589563,-2.173169212178074,3,Rain,1.5114287549225618
2023-04-22,12:00:00,Waxing Crescent,3471.838579015297,94.88132934467549,387271.0470308002,-0.062144031633078356,6,No Rain,1.8687564468114257
2023-04-23,00:00:00,New Moon,3471.3260118384087,69.63096969062173,384113.976398855,-2.331931999083587,4,No Rain,1.5251859483364985
2023-04-23,12:00:00,Waning Crescent,3471.2199482168953,48.33245987268635,384726.14930976956,-2.1867339827232275,5,No Rain,1.817765099916449
2023-04-24,00:00:00,Full Moon,3474.8650527737623,58.399058789594605,385705.10159603314,2.0321872667220546,3,No Rain,2.0392667730314735
2023-04-24,12:00:00,Waxing Gibbous,3471.965488623334,16.235328581048705,385143.5228319589,-1.8037731444120242,7,No Rain,1.3361314248660003
2023-04-25,00:00:00,Waxing Crescent,3474.4602327758857,100.0,384625.6283577154,0.1621034113760853,3,No Rain,0.13750531695672774
2023-04-25,12:00:00,Waning Gibbous,3473.1556931299865,53.876635459256825,384947.44150369935,-0.44452198699646717,6,No Rain,1.0910364532072667
2023-04-26,00:00:00,Full Moon,3473.974056517708,53.281843838146784,388005.12337785744,-0.7632833687057867,7,Rain,2.1043410054176515
2023-04-26,12:00:00,Waxing Gibbous,3472.513185465526,71.77299871696076,384313.5718044496,1.9991667284363626,1,Rain,1.4831176093011729
2023-04-27,00:00:00,Waning Gibbous,3472.8845194231317,64.4302769521014,384701.64857007243,-2.3908830161225527,6,No Rain,1.3304348645360504
2023-04-27,12:00:00,Waning Gibbous,3472.4625884690945,56.71652072837394,385975.9815940114,0.8189484308779456,4,No Rain,2.0833924966016037
2023-04-28,00:00:00,First Quarter,3470.9762149389903,26.28576633664064,386058.288899437,2.3169721710677518,2,Rain,1.449337541885052
2023-04-28,12:00:00,Waxing Crescent,3473.6122605763076,64.14405071407987,386180.54545834055,0.3008409173092099,2,No Rain,0.45373339712542204
2023-04-29,00:00:00,Waxing Crescent,3471.4038618122045,100.0,385358.0953330438,2.1841123101654594,5,No Rain,0.7473489694958283
2023-04-29,12:00:00,Full Moon,3470.1215798321573,90.36260138464934,382685.49263090425,-2.2387106035698814,5,Rain,1.7093240104084528
2023-04-30,00:00:00,Full Moon,3473.227361479536,97.7955987991819,386850.14729845163,-0.40603340462919313,3,No Rain,1.4665545292026367
2023-04-30,12:00:00,Full Moon,3470.8855533970354,34.66352970706444,382680.481910472,-1.1992110451897442,5,Rain,2.2273282394146108
2023-05-01,00:00:00,Last Quarter,3474.7022929217646,20.311855392242574,384853.95319785853,1.1541048249036487,11,No Rain,1.1333656580979117
2023-05-01,12:00:00,New Moon,3474.769642885013,46.22639239701056,383268.586224971,2.4064854524862334,2,No Rain,1.3452496189981027
2023-05-02,00:00:00,Waning Crescent,3474.5743219511023,51.67174736866084,384303.79248011054,-1.217349687778761,6,No Rain,1.05774846346999
2023-05-02,12:00:00,Waning Crescent,3471.850793501277,82.82574555412845,384893.1436154552,0.7708730073703722,5,Rain,1.2397029111597737
2023-05-03,00:00:00,Waxing Crescent,3470.0772830826445,0.0,384882.0358231754,-1.5095118362012994,3,No Rain,0.5540480493731881
2023-05-03,12:00:00,Waning Gibbous,3474.6415928129386,95.88650958381841,385032.8811313529,0.3266512728580495,4,No Rain,1.307157667974734
2023-05-04,00:00:00,Waning Crescent,3472.140920741587,45.25976304263032,386820.56690358795,-0.18033756655831912,10,No Rain,1.474065568115049
2023-05-04,12:00:00,First Quarter,3474.8332740952183,37.193567901577396,385080.30145227094,2.3600266481576853,1,Rain,1.431834578767158
2023-05-05,00:00:00,Last Quarter,3474.8180998854464,19.636868742194974,384033.76504706405,0.542636363482333,8,No Rain,2.5747766318664045
2023-05-05,12:00:00,Waxing Gibbous,3474.2650472773366,0.3542998440269187,385846.1307524325,-0.7524681395659061,3,No Rain,2.4167422885884906
2023-05-06,00:00:00,Full Moon,3471.472244460348,74.69511751885744,386184.205733387,-1.9295210755603331,5,No Rain,1.1245502645194572
2023-05-06,12:00:00,Waning Gibbous,3471.9254886430094,52.199539015652114,382558.58827729453,-1.7437658563253273,4,No Rain,0.47803165267370207
2023-05-07,00:00:00,Waxing Crescent,3474.255683357584,11.301173007768384,385296.1001047748,-1.3734153502438247,11,No Rain,1.4503998235342217
2023-05-07,12:00:00,Full Moon,3471.5846100257813,11.147636838091515,385451.75911346637,-1.24516669329851,3,No Rain,1.6882550690853102
2023-05-08,00:00:00,Waxing Gibbous,3470.8474637334307,39.926459021296154,383953.65474496,1.7530802892056894,4,Rain,1.0697579633085823
2023-05-08,12:00:00,Waning Gibbous,3472.7840063122917,100.0,386463.56021996745,0.3061139414126246,3,No Rain,1.0945121830371385
2023-05-09,00:00:00,Waning Crescent,3474.680773870804,42.212259459091854,384174.9166194512,0.11695455687183198,3,Rain,2.2912774846562662
2023-05-09,12:00:00,Waning Gibbous,3473.480148983375,4.905711406456817,384588.36468020733,-1.9261556406539126,8,No Rain,1.371224214427348
2023-05-10,00:00:00,Waxing Crescent,3472.8503058504466,42.62770807742167,384140.3922635742,1.8006984667471748,1,Rain,1.8311250928478693
2023-05-10,12:00:00,Waxing Crescent,3470.485882468854,41.818292907569884,384423.3685713722,1.1140715160424186,5,No Rain,1.0348471510727775
2023-05-11,00:00:00,Last Quarter,3473.075036133496,0.0,382755.5873696572,-2.161658190499992,7,Rain,1.4715297706376036
2023-05-11,12:00:00,Waxing Crescent,3474.950269250521,48.37115400446564,382239.92367610853,1.0391754861488431,3,No Rain,1.3318308231827436
2023-05-12,00:00:00,Waning Crescent,3470.7004200761826,43.07196409373966,386791.75759483746,0.21769108671323023,7,No Rain,1.162313380598356
2023-05-12,12:00:00,Waning Crescent,3472.5916482618186,70.88619094440256,383129.5579775225,-2.0913732712661086,5,Rain,2.0776502057608464
2023-05-13,00:00:00,Waning Crescent,3474.3868653596396,100.0,382912.9114758155,-0.2084967923567178,7,Rain,0.805561495183493
2023-05-13,12:00:00,Full Moon,3473.703843088771,83.79695088643273,381169.91482959443,-0.07651856434976523,5,Rain,1.6500284127556448
2023-05-14,00:00:00,New Moon,3473.4850787049763,41.93333928335508,383441.5573784658,-1.6711272991836212,7,No Rain,1.3224391722547506
2023-05-14,12:00:00,Waning Crescent,3473.5124204199356,16.80422273774989,382415.36530988873,2.2284907350014116,5,No Rain,1.707412241017937
2023-05-15,00:00:00,Waning Gibbous,3471.7974557560988,100.0,386863.0227402045,1.7498768574033097,4,No Rain,1.3292116838908212
2023-05-15,12:00:00,Waning Crescent,3471.4679592213224,51.77655302043465,385914.72563401394,0.8451116866455415,5,Rain,1.9335965309594696
2023-05-16,00:00:00,New Moon,3474.0468057773924,50.41787875738839,383367.7744822334,-0.1885221949969642,11,No Rain,1.030148700873924
2023-05-16,12:00:00,First Quarter,3474.0505669733957,49.2762473866999,387778.65370801644,-0.44117229207745723,7,No Rain,2.078776595837656
2023-05-17,00:00:00,Waning Gibbous,3474.3353615929004,55.94254282303565,385872.64823048736,0.7548673357547706,6,No Rain,1.4855986526627891
2023-05-17,12:00:00,Waxing Gibbous,3474.5662027627823,45.66918764228173,383912.75292473705,0.22715934703452723,3,No Rain,0.8357487354924382
2023-05-18,00:00:00,Waxing Crescent,3472.556711994305,32.790139793592914,380650.89142768964,-2.188634470590572,0,Rain,1.8401077279514118
2023-05-18,12:00:00,First Quarter,3472.507581473436,33.59423176278824,387836.4138588861,0.06251324385165846,10,Rain,1.4005751282411745
2023-05-19,00:00:00,First Quarter,3473.991475894834,49.017401893520045,382315.6412998546,1.5320180861641974,5,Rain,0.6460810369302279
2023-05-19,12:00:00,Waning Gibbous,3473.2498196538886,33.69725686598705,381931.9018795647,-0.20380061201520983,5,Rain,1.666234041879435
2023-05-20,00:00:00,Waxing Crescent,3473.5098343862887,28.614626519685068,385933.85564801446,-2.240217112228658,3,Rain,2.00329785763885
2023-05-20,12:00:00,Full Moon,3473.9789633471805,53.192906830756904,388059.6286095089,1.4313909969201655,4,Rain,2.1410678701800654
2023-05-21,00:00:00,Last Quarter,3474.450026709088,42.35068347737434,386476.4092277658,-1.493181089320128,2,No Rain,1.3108240587001168
2023-05-21,12:00:00,Waning Crescent,3471.6899757842575,95.11978965748065,385245.86368007853,-1.2068958255598061,2,No Rain,1.572659027662869
2023-05-22,00:00:00,Waning Gibbous,3471.8779147632,0.0,385292.1315124979,-1.6764682328385205,7,No Rain,1.5252681713964558
2023-05-22,12:00:00,New Moon,3470.4699096992044,82.74520555767386,385680.12333817047,-0.8489246756425124,3,No Rain,2.2449013157856768
2023-05-23,00:00:00,Waning Crescent,3472.8914007049807,87.38255577492887,385538.3928846801,1.283757528443175,1,No Rain,1.0947557088133415
2023-05-23,12:00:00,Full Moon,3470.1797113689836,0.0,384821.7871359541,0.09692929751968649,3,Rain,1.2676702738977292
2023-05-24,00:00:00,Full Moon,3472.3279900906623,39.719372177589534,384556.3016559278,-1.475593629246437,7,No Rain,1.082639845275097
2023-05-24,12:00:00,New Moon,3472.7132231735377,38.85677402012625,384306.1103081507,1.8891503907602045,5,Rain,0.7754247384435565
2023-05-25,00:00:00,Waning Crescent,3471.432706260641,7.774649158465365,383269.0531167,1.8979092747576463,5,No Rain,1.623893590526041
2023-05-25,12:00:00,First Quarter,3472.954166302845,26.66549937227374,383978.98738469987,1.852892125230035,4,No Rain,2.3006491658887938
2023-05-26,00:00:00,Waxing Crescent,3470.1525012496954,16.682724636025135,381860.56477870693,-1.3060189430923037,5,No Rain,1.4007577707424694
2023-05-26,12:00:00,New Moon,3470.186740943746,100.0,384252.49055980786,-0.24380327909505972,5,Rain,1.0590516892284327
2023-05-27,00:00:00,Waning Crescent,3474.1130028032985,78.07035179442383,382917.1133392736,2.424948280704376,3,Rain,1.5934298511160343
2023-05-27,12:00:00,Waning Gibbous,3471.8009532070564,88.14665284982476,382744.61602417636,1.3600623815499517,3,No Rain,1.794559089386328
2023-05-28,00:00:00,Waning Crescent,3470.6353025632593,71.65016192129706,384669.8412267302,-2.364162893872201,6,Rain,1.421818431281714
2023-05-28,12:00:00,Last Quarter,3472.611216300274,16.12844686348312,386488.0034295169,-2.1739770436975396,6,No Rain,2.201767665977089
2023-05-29,00:00:00,First Quarter,3473.849967765493,34.26439201160679,385777.4749090035,-0.18034311593833596,4,No Rain,1.093819052856239
2023-05-29,12:00:00,First Quarter,3471.079105137484,64.68123683683754,382044.2490945652,2.046101029307801,9,No Rain,1.3565151817438186
2023-05-30,00:00:00,Waxing Crescent,3473.114452379095,13.336165733241636,382915.5577951445,0.19350898976357112,6,No Rain,1.647993952421481
2023-05-30,12:00:00,Last Quarter,3470.426737324969,71.38995290517164,385811.15678198234,-0.010937459828548768,5,No Rain,1.6964818763089136
2023-05-31,00:00:00,Waning Crescent,3470.258408605843,42.79023805525595,382926.26890969253,-1.972631500216847,5,Rain,1.5236140461490804
2023-05-31,12:00:00,Waning Crescent,3472.6567731578407,38.75537577351207,384063.05027500447,0.7839005236214702,4,No Rain,0.8607900388214259
2023-06-01,00:00:00,New Moon,3472.7031756080505,71.32879904610475,385225.07814853685,1.6105158030011273,10,No Rain,2.669005702103165
2023-06-01,12:00:00,Full Moon,3473.187149507491,63.32789934458119,382947.4833177045,-0.5978999624621884,6,No Rain,1.38201504247695
2023-06-02,00:00:00,New Moon,3473.6304566686135,39.1710150254276,384558.06325921894,1.3780592546266375,2,Rain,1.5551337592923284
2023-06-02,12:00:00,Waning Crescent,3474.8792603973125,84.77989410092744,382398.9617576227,2.3223832695040585,4,No Rain,1.8083805465864902
2023-06-03,00:00:00,Waxing Gibbous,3472.581501741506,17.568100172003078,383497.9485340732,-1.4811677043615545,3,No Rain,1.1817473186752352
2023-06-03,12:00:00,First Quarter,3471.614782364706,68.47806820832791,384879.6729012138,0.11664815597370648,2,No Rain,1.528463210435388
2023-06-04,00:00:00,Last Quarter,3473.9759309738433,67.79303773905151,382010.5093997025,-1.0643102095771222,5,No Rain,1.1614048811733528
2023-06-04,12:00:00,Last Quarter,3471.3541612563104,40.713606820580296,385060.71210694057,1.4642720951691968,6,Rain,1.7077753707371155
2023-06-05,00:00:00,Waning Crescent,3472.194857103528,59.78399066726354,384370.54330161,0.38796682940578764,5,No Rain,1.3619886757222153
2023-06-05,12:00:00,Waxing Gibbous,3470.392281906711,12.466592708440913,385228.7349316257,0.6729120877515187,10,No Rain,1.634359263652334
2023-06-06,00:00:00,New Moon,3470.1267537170775,77.72081057620703,384735.871201097,1.4895707980794706,5,No Rain,0.9767313267571992
2023-06-06,12:00:00,New Moon,3474.8132420733896,44.45293590671033,386446.21064496075,-0.5201476366877256,5,No Rain,1.0855417829968972
2023-06-07,00:00:00,New Moon,3474.1799006025612,34.318309384428815,384587.8367539719,2.075450342035216,4,Rain,0.817429661571599
2023-06-07,12:00:00,New Moon,3473.4798710304685,81.47027677510668,383755.8916883121,0.1651443362306999,4,No Rain,1.1447349603368961
2023-06-08,00:00:00,Waning Gibbous,3472.0447647220712,28.86968928371722,384583.44625454844,-1.71022588582326,3,No Rain,0.2132378781509301
2023-06-08,12:00:00,Waxing Crescent,3470.866471600354,7.746161109093208,385214.94704355457,0.9794955908440124,6,No Rain,1.3464498971560865
2023-06-09,00:00:00,Waning Gibbous,3470.782185213355,3.3011247942828845,384473.29010548856,1.4663067521912723,4,No Rain,1.2328798640185368
2023-06-09,12:00:00,First Quarter,3471.251214490823,68.1802985403692,384460.8875368058,-0.9161916146623668,2,No Rain,1.5754554818125348
2023-06-10,00:00:00,New Moon,3472.7461333235306,11.58711942511151,383347.0124682899,1.7858962849937647,9,No Rain,1.5223038622171448
2023-06-10,12:00:00,Waning Gibbous,3473.5729796135,100.0,383405.6486236736,2.0307162738288316,5,Rain,2.128539884240535
2023-06-11,00:00:00,Last Quarter,3473.300986883589,0.0,382296.0920923005,-1.1154775631109555,9,No Rain,2.7971550923870554
2023-06-11,12:00:00,First Quarter,3471.3996694847297,100.0,387024.36511478043,2.41760736357611,5,No Rain,2.0687695065753173
2023-06-12,00:00:00,Full Moon,3474.774326403316,56.330524016078556,382534.20514691307,-1.7964423597562078,5,No Rain,1.273446205312456
2023-06-12,12:00:00,Waxing Crescent,3473.689484583479,47.09860664388823,383360.64220330614,-1.48992165798755,1,No Rain,1.253304625145055
2023-06-13,00:00:00,Full Moon,3472.771770262557,33.65242739573151,383322.3891016462,-1.5788758038098694,5,No Rain,1.9343315211778576
2023-06-13,12:00:00,Last Quarter,3473.058603731172,61.974083430562125,385742.38656541664,1.9699485500393523,8,No Rain,0.6583276527135838
2023-06-14,00:00:00,Waxing Crescent,3472.098000312139,48.87095892725455,383957.57548256195,0.7714627616248091,6,No Rain,1.3423985369182605
2023-06-14,12:00:00,New Moon,3471.238654947506,83.09905646049565,386271.6131090106,-1.7394785838886357,2,Rain,1.380923532478071
2023-06-15,00:00:00,First Quarter,3471.779863393256,53.42682945986119,383389.7640636342,-0.29838290815825497,5,No Rain,1.7920657424094057
2023-06-15,12:00:00,First Quarter,3473.789230552322,54.509052843856324,384818.4912433357,0.57649012534901,5,Rain,1.8069331730703901
2023-06-16,00:00:00,Waning Gibbous,3470.071967443149,39.09163363358432,383146.97942011035,-2.0826795750530835,4,No Rain,1.1277197298034853
2023-06-16,12:00:00,Last Quarter,3470.5803632025345,48.291631288367974,387617.7236916601,1.9120818420366934,6,Rain,1.292813669147408
2023-06-17,00:00:00,Waxing Gibbous,3470.2300132101086,59.234053066761774,382618.60237145575,1.518017677207676,5,No Rain,1.7225521274163533
2023-06-17,12:00:00,Waxing Crescent,3470.203644011595,0.0,384864.7310653405,0.026033867883191064,6,No Rain,1.1005396720406175
2023-06-18,00:00:00,Waning Crescent,3474.2773029200553,9.554437336828613,385350.6653213981,2.335633076295852,5,No Rain,2.1030592173871416
2023-06-18,12:00:00,Last Quarter,3473.5182892969,72.29792282068145,385020.69864617725,-0.4111951036245016,4,No Rain,1.8045876167201205
2023-06-19,00:00:00,First Quarter,3472.3708691454367,55.125963143838256,384122.06851168344,2.4205515951824887,7,No Rain,1.5857547740974216
2023-06-19,12:00:00,Last Quarter,3470.489170803255,44.48049990941963,384205.2689503999,0.8395999940181351,5,Rain,1.6954702991404598
2023-06-20,00:00:00,Full Moon,3472.458079375584,50.553017991961795,384465.71720796864,0.6733563662697071,7,No Rain,1.2665546915296
2023-06-20,12:00:00,New Moon,3472.3673588539027,60.42745116085013,384179.4969975573,-1.670225523521075,6,No Rain,1.1868542889061906
2023-06-21,00:00:00,Waning Crescent,3470.86600934955,33.807209590719154,385845.81867519236,1.9096387915232196,4,Rain,1.2876388919306394
2023-06-21,12:00:00,First Quarter,3472.1692582461897,26.65085823793062,387715.78450238705,-0.36255156039692427,8,No Rain,1.7499833461299248
2023-06-22,00:00:00,Waxing Crescent,3471.992523671987,55.87535765293045,383563.76232248824,-1.6888329710876033,4,No Rain,1.6005074903543268
2023-06-22,12:00:00,Waning Gibbous,3473.079250490261,20.64881667154904,382345.2955306314,-2.436962400121205,3,No Rain,1.288642770153645
2023-06-23,00:00:00,Waxing Gibbous,3473.1754682543383,62.24758267143416,384267.5769274731,0.29877841819191264,5,Rain,1.8747908716538277
2023-06-23,12:00:00,Full Moon,3470.22652004886,0.0,388269.5640064815,0.13699811061338174,10,No Rain,1.413026788831923
2023-06-24,00:00:00,Waxing Crescent,3471.8730630731325,80.87466911976931,383194.4881480454,1.096768111845793,6,Rain,1.153344627205416
2023-06-24,12:00:00,Waning Gibbous,3473.129299578571,64.17792447239128,386858.6752081661,1.9512902650890105,4,Rain,1.6271707546492604
2023-06-25,00:00:00,Waxing Gibbous,3472.5156812929004,57.68089202941627,386916.55122111464,-2.1029670767848523,3,No Rain,0.9934852441885811
2023-06-25,12:00:00,Last Quarter,3474.2824492059417,79.48072951836542,383569.617637438,1.1574824517018119,3,No Rain,0.6563881250321494
2023-06-26,00:00:00,Waxing Crescent,3473.2934681580946,99.9642333338773,385253.4746187779,-1.5629402795120888,5,No Rain,1.497447712217368
2023-06-26,12:00:00,Waning Gibbous,3470.8146721354074,80.4311019505439,386842.5949346928,1.7908852657858194,2,Rain,1.1712931031445581
2023-06-27,00:00:00,Full Moon,3470.3528437370023,0.0,383831.30838851875,1.5953175693082802,6,No Rain,1.3729228236650752
2023-06-27,12:00:00,Waxing Crescent,3473.2120963910315,11.61269099792895,384094.6294598465,0.2039687749277217,2,No Rain,1.0166335409277751
2023-06-28,00:00:00,New Moon,3470.132556552708,31.255442669129636,383527.478629077,1.0512139931165576,5,No Rain,2.104466069851285
2023-06-28,12:00:00,First Quarter,3472.9288779063672,50.782731506325014,382877.8649039607,-0.9282494340812582,2,No Rain,1.169253628035931
2023-06-29,00:00:00,New Moon,3474.701151207125,65.5297706140737,383426.083682401,-0.14416050533592673,6,Rain,1.284000310914595
2023-06-29,12:00:00,Full Moon,3472.8773708893796,28.227685605396033,382564.08959985664,1.6081844885523582,3,No Rain,1.6889416337916172
2023-06-30,00:00:00,New Moon,3471.9408496310325,55.60300293431235,384451.12520238885,-0.20367401413393038,5,No Rain,0.8116928508386585
2023-06-30,12:00:00,Last Quarter,3473.216441092212,27.338512029400324,383245.04015341203,-0.711008673372791,2,Rain,0.7747251133756479
2023-07-01,00:00:00,First Quarter,3472.2912644524577,31.65446591024155,384750.67886768613,-0.028937763748500434,6,Rain,1.6904764178467064
2023-07-01,12:00:00,First Quarter,3472.7280839465798,7.800167094553331,382066.15653069457,1.6412462621860922,6,Rain,1.2775261847689152
2023-07-02,00:00:00,Waxing Crescent,3474.7073240438826,22.30300261667287,384896.3203483217,-0.8239597631456363,7,Rain,1.049252446552922
2023-07-02,12:00:00,First Quarter,3471.9305131890037,9.449461831509993,385650.2934424134,-1.631192034321281,6,No Rain,1.80168658647366
2023-07-03,00:00:00,Waning Gibbous,3474.8059528191197,20.72380241068002,381409.3965361428,1.0600701016539036,6,No Rain,1.0940391704460035
2023-07-03,12:00:00,Full Moon,3474.5267532097805,81.60925389823518,384961.0848547714,1.6298910635404091,4,Rain,1.3627438502255378
2023-07-04,00:00:00,Waxing Gibbous,3470.9789556739465,21.51803333504171,386241.5034887099,-1.9968126073823333,4,Rain,1.0519347660137437
2023-07-04,12:00:00,Waning Gibbous,3470.3468065043758,100.0,382585.5384719632,-1.3006294362202764,7,No Rain,1.6517185931249119
2023-07-05,00:00:00,Waning Crescent,3470.503890006887,64.79953702642668,386908.8585802566,-1.7901400511950305,5,No Rain,2.166038096358387
2023-07-05,12:00:00,First Quarter,3470.091109128258,55.545083710846214,385028.5285140491,-0.7602929420891669,5,No Rain,0.5694800353339426
2023-07-06,00:00:00,Waxing Gibbous,3470.4722148037795,24.249266594563593,383342.4822163624,-0.24824510547293688,8,No Rain,1.556328844375323
2023-07-06,12:00:00,New Moon,3473.415033867082,71.00929638226974,384316.3463835134,1.2441316848165322,4,No Rain,1.9282942209431753
2023-07-07,00:00:00,New Moon,3470.3559432423012,32.73086521286678,385237.4903687826,0.7557379244083706,2,Rain,1.2892611263471134
2023-07-07,12:00:00,Waxing Gibbous,3471.594878151469,53.66029443936084,384514.0080871186,0.6046428373921557,3,Rain,0.9344788128520574
2023-07-08,00:00:00,Waning Gibbous,3474.2243765548474,100.0,385208.13398866955,-0.738125266951728,4,No Rain,1.7104817635637017
2023-07-08,12:00:00,New Moon,3470.116359678679,47.1182030082605,383018.98961038096,1.7072377654238,6,No Rain,2.00082675168855
2023-07-09,00:00:00,New Moon,3474.0723424129446,84.47819978857027,384654.0412360541,-0.1435641630091773,9,No Rain,1.9452610888227344
2023-07-09,12:00:00,Waning Crescent,3471.409273873867,28.904707246223378,382279.4282546425,2.3955246900757725,3,No Rain,1.6829546689574137
2023-07-10,00:00:00,Waning Gibbous,3470.5908241381085,48.950345285091146,384233.16090797697,0.6707106914786842,5,No Rain,1.548956868804321
2023-07-10,12:00:00,Last Quarter,3473.483685826821,100.0,383044.1385378028,-1.8686762921774864,3,Rain,1.0504937223078494
2023-07-11,00:00:00,Waning Gibbous,3473.1447142338993,31.19098826636698,383296.70508611534,0.8808878103771702,2,No Rain,1.932622475171971
2023-07-11,12:00:00,Waxing Crescent,3474.387360067635,100.0,386254.13976281567,-0.874479922841505,4,Rain,1.9049784066762538
2023-07-12,00:00:00,Waning Crescent,3473.6753552190194,71.23255806366427,386036.9651808914,0.9316359834304873,9,Rain,0.9309708406723665
2023-07-12,12:00:00,Full Moon,3474.017404651924,33.12599672317197,385313.70718136075,-2.1517942591879713,4,No Rain,1.6822398639232456
2023-07-13,00:00:00,Waning Crescent,3471.4101728628566,68.97223217166562,382761.53085299116,-1.625592814120203,5,No Rain,1.8264119377598926
2023-07-13,12:00:00,First Quarter,3470.8871977188987,79.1766334888019,383925.3873254578,1.7786862945289315,8,No Rain,1.9410568860377533
2023-07-14,00:00:00,Waxing Crescent,3473.753073758204,68.65429886651589,386219.64654996875,-1.3641022148824256,8,No Rain,1.4625051904363897
2023-07-14,12:00:00,Waning Gibbous,3474.0341736963364,2.8932584032863105,384612.5753704599,1.6852056262147004,5,Rain,1.071216212926928
2023-07-15,00:00:00,Last Quarter,3474.9525257100036,28.185884725253942,387878.99430997256,-1.103619557727948,3,Rain,1.2489419100679775
2023-07-15,12:00:00,First Quarter,3472.063088384557,42.57444093345486,384989.97675909154,0.7144095502935381,9,No Rain,0.9963750707720193
2023-07-16,00:00:00,Waxing Crescent,3471.8600904289638,47.76699712699861,384688.07367473503,0.9707528675491552,2,No Rain,1.4744696674425088
2023-07-16,12:00:00,First Quarter,3473.88206480371,68.62016292652034,383936.32530369627,0.06327376572526466,8,No Rain,1.3765573017156547
2023-07-17,00:00:00,Last Quarter,3471.704017701265,55.33103002799761,384600.3113571734,-0.9734466165163436,7,No Rain,2.5725182103843536
2023-07-17,12:00:00,Waxing Gibbous,3474.6537866280178,9.939669238696965,384171.2952454292,-1.4367781181445194,6,No Rain,1.9473385712190658
2023-07-18,00:00:00,Full Moon,3474.292063759215,61.405935530178894,385462.1630150329,-2.334053227187869,9,No Rain,1.9847740334445485
2023-07-18,12:00:00,Waxing Gibbous,3472.144970136875,68.3175723585147,385835.0534751919,-0.980267993796381,3,Rain,1.7356762454138643
2023-07-19,00:00:00,Full Moon,3473.7543553389573,66.79371343793119,383221.0158092381,0.7658139526564152,6,No Rain,1.316341176665741
2023-07-19,12:00:00,Full Moon,3473.7727143704233,82.42342176663865,382403.1505696633,2.191524092242413,7,No Rain,1.362305020590963
2023-07-20,00:00:00,Waxing Crescent,3470.51561934418,75.01766463646712,381645.69194034504,1.8560224113152604,7,Rain,1.4080653500916898
2023-07-20,12:00:00,Waning Crescent,3474.512764533398,63.7754023768531,385161.9869903688,1.3303238826765131,5,No Rain,1.594116636350567
2023-07-21,00:00:00,Waxing Gibbous,3472.526261862239,47.89502865624059,382744.9500907392,1.4422367162664935,5,No Rain,1.694584905111724
2023-07-21,12:00:00,New Moon,3474.132287330539,0.17117199452025744,381170.66411057126,0.8249245173799764,1,No Rain,1.5003543138402609
2023-07-22,00:00:00,New Moon,3471.600248005153,62.88854657397758,384982.86790679645,-1.198565712169985,7,Rain,1.3547007613284334
2023-07-22,12:00:00,Waning Gibbous,3474.477616142481,56.230630614893336,388139.4992761492,2.035975153529149,4,No Rain,1.2029421847560078
2023-07-23,00:00:00,Waxing Crescent,3471.946008393671,58.147365115861206,384390.89363269013,0.8536615595291703,7,Rain,0.8036756211083732
2023-07-23,12:00:00,New Moon,3470.0541882574016,11.697542725390718,385657.73616167746,0.30220315490219996,5,No Rain,2.1416895825233255
2023-07-24,00:00:00,First Quarter,3474.5269098820963,17.56830378775213,384522.74403782137,-1.9450526539325947,5,Rain,2.602764784132707
2023-07-24,12:00:00,First Quarter,3470.4564333839307,81.59458559998711,384251.6655202133,-0.26472228096787287,3,Rain,2.0996683904641253
2023-07-25,00:00:00,Waxing Gibbous,3471.596568187952,48.81334538430035,385778.61472448165,-0.19820864399036875,5,No Rain,0.8704671870346269
2023-07-25,12:00:00,Waning Gibbous,3474.750309835254,70.44502092117872,383964.58818371705,1.8228180476133495,5,No Rain,1.8935082848204459
2023-07-26,00:00:00,Full Moon,3474.7530357346877,50.84955128391383,384801.0884711079,0.23324110093894213,4,Rain,2.011888150810408
2023-07-26,12:00:00,Last Quarter,3472.8671894406166,50.89268418487236,384882.546709294,-0.5979972551479518,3,Rain,1.298281150689321
2023-07-27,00:00:00,Full Moon,3473.159186060849,78.14851417927993,383397.86431953544,2.3840016425532964,3,No Rain,1.7444636198195145
2023-07-27,12:00:00,Full Moon,3472.2422276098914,34.51865815347878,385888.0635243048,-1.9463970333684215,5,No Rain,1.2718484837386903
2023-07-28,00:00:00,Last Quarter,3471.4660538584903,52.8836233082295,384137.5603649569,-0.38725785844027705,10,No Rain,2.26446449740687
2023-07-28,12:00:00,First Quarter,3471.6433227268494,36.13174133884873,383266.38226076076,-2.2898766241429733,2,Rain,1.682685461107657
2023-07-29,00:00:00,Waning Gibbous,3473.3625922803853,36.96511317703053,385204.7647653556,1.1995206038346518,5,No Rain,1.0414222543144758
2023-07-29,12:00:00,Last Quarter,3473.7618726471883,40.72483629594082,383052.29802731343,2.0903827609957535,3,Rain,1.834904049004669
2023-07-30,00:00:00,Waxing Crescent,3473.9578952186293,56.66401314901138,384442.2717360537,-1.0998133522475528,4,Rain,2.0293903367451236
2023-07-30,12:00:00,Last Quarter,3473.9480907139728,35.63754135009568,384386.3215050337,1.791708383995604,6,No Rain,1.5990658255679377
2023-07-31,00:00:00,Waxing Crescent,3470.4560305152436,87.67268376720563,386028.84334874735,-1.0389088476905113,3,No Rain,1.7397208458716342
2023-07-31,12:00:00,Full Moon,3472.4721015235127,23.16178093341488,385112.0473493199,2.0538508082195763,4,No Rain,1.465123285385601
2023-08-01,00:00:00,Last Quarter,3470.2877938000834,44.39385067515923,384362.4595618823,1.2698095179839197,4,No Rain,0.9328597734268832
2023-08-01,12:00:00,Waxing Crescent,3472.7476444116187,36.808068251774756,385626.6494488004,1.5245338842071927,5,No Rain,1.424133120789746
2023-08-02,00:00:00,First Quarter,3472.207652506867,93.409336530612,386485.31132352597,-2.4099672219977277,8,No Rain,1.761519816481779
2023-08-02,12:00:00,Waning Gibbous,3474.4385209137913,55.89664329534724,385236.7154595278,2.31405178537013,5,No Rain,1.435986566008381
2023-08-03,00:00:00,Waning Crescent,3471.7545750627605,80.95533618405905,384415.52892976505,1.1333549603516162,6,Rain,1.9003827133697955
2023-08-03,12:00:00,New Moon,3470.585335082138,5.43318880889084,382432.24565147475,-0.9762445230693335,3,Rain,1.3039092194012079
2023-08-04,00:00:00,Waning Crescent,3470.714958410264,58.011507976077766,382802.32950538694,1.646973324294235,4,No Rain,1.3367045862745863
2023-08-04,12:00:00,Waning Crescent,3473.8075531585873,76.68892386870311,383942.162943468,-1.0923940079253502,5,No Rain,1.9155599989969523
2023-08-05,00:00:00,Full Moon,3473.0910903165814,52.46851967826272,383485.7316967611,1.8637691978306394,6,Rain,1.6109262584015225
2023-08-05,12:00:00,Waning Crescent,3470.505613380614,81.96441125196054,384119.54304552183,-1.937098047940315,7,No Rain,1.2941392094222042
2023-08-06,00:00:00,New Moon,3470.420534030575,34.481346496988834,384484.9748873457,1.018429887303979,5,Rain,2.016902688004312
2023-08-06,12:00:00,Last Quarter,3473.5048456572954,92.28042320556739,385194.5391315351,0.20349238322455143,2,No Rain,1.155632141024736
2023-08-07,00:00:00,New Moon,3470.363815031821,100.0,384294.25183291134,-2.017327649022796,6,Rain,1.1365255204913256
2023-08-07,12:00:00,First Quarter,3474.1093002964517,39.114843186810226,385129.7524657393,-1.290530858705805,4,No Rain,0.08527559446796285
2023-08-08,00:00:00,New Moon,3473.5312111357825,36.63492435797684,384496.71162221517,-2.4379798186134263,2,No Rain,1.2230157257112764
2023-08-08,12:00:00,Waning Crescent,3470.4067439032096,93.60153431353103,381436.8001504692,-0.15616017267747084,4,Rain,2.154358339461141
2023-08-09,00:00:00,Waning Crescent,3470.424188570426,97.38716437192137,382990.99690927187,-0.9936736961999981,2,No Rain,0.46385365691378055
2023-08-09,12:00:00,First Quarter,3474.933197892506,34.314199185401954,384183.8686664176,0.49178742148879406,3,No Rain,1.0240399298853913
2023-08-10,00:00:00,Waning Gibbous,3471.8713539787805,37.394395487124285,382585.45788573835,-1.013810961456914,4,No Rain,1.719534277945085
2023-08-10,12:00:00,New Moon,3471.8532107353344,41.54646173418478,385299.8930949943,-1.0004044424650766,7,No Rain,0.37756661305363615
2023-08-11,00:00:00,Waning Gibbous,3474.0639978362874,9.666484668971691,386696.12624851556,1.215965993658017,5,No Rain,1.2446506932451178
2023-08-11,12:00:00,Waning Crescent,3474.736242886919,22.440441605474053,386228.14277754596,-2.2592858201082326,5,Rain,2.0704316078053733
2023-08-12,00:00:00,Full Moon,3474.9300053191146,19.875776997437963,384079.83569360466,2.014474975959936,7,No Rain,2.5215129009244945
2023-08-12,12:00:00,Waning Gibbous,3473.7668909262948,26.966073046876147,386636.08920527494,1.7613193719559073,9,Rain,1.6451232828335163
2023-08-13,00:00:00,Waxing Crescent,3471.8812979276545,48.95945337839657,384623.00118580315,0.8390234161320325,7,Rain,1.0367664908794414
2023-08-13,12:00:00,New Moon,3470.4175035834933,57.026441976095626,383894.37104332296,0.4661078505369214,6,Rain,1.0199356306758587
2023-08-14,00:00:00,First Quarter,3473.8857345796373,96.5150147844223,383479.8960046886,1.9615124906982615,6,No Rain,1.572453984665452
2023-08-14,12:00:00,Waxing Crescent,3472.7920212486792,20.04937877783627,383946.2954702678,-1.5733491023564277,9,No Rain,1.6404816605825494
2023-08-15,00:00:00,First Quarter,3472.1211100462347,79.52967195429751,383817.7347721882,-2.105154189045857,2,Rain,2.4289643800291243
2023-08-15,12:00:00,Waxing Crescent,3474.5317719254735,43.58033467323473,384655.6243335632,-1.3024491504523095,3,Rain,1.9854024262686014
2023-08-16,00:00:00,First Quarter,3470.5559874115306,48.51608871042701,384640.8609715748,1.4728913935009516,9,No Rain,1.5420532439442454
2023-08-16,12:00:00,Waxing Crescent,3472.4631255214545,70.24458476499811,384404.5690302301,-2.3266486663675834,3,Rain,1.3323963733702906
2023-08-17,00:00:00,Last Quarter,3470.056768223837,16.318339353131044,385055.4072546195,0.41403417541744814,8,Rain,3.007355854651105
2023-08-17,12:00:00,Waning Gibbous,3472.3433032099706,61.47229238552152,386185.9694121795,2.4771875809565493,5,Rain,1.8132973999979476
2023-08-18,00:00:00,Waning Crescent,3470.2815163784094,54.99356624639168,385824.331203162,1.7784804691876968,4,No Rain,1.1656241432112275
2023-08-18,12:00:00,Waxing Gibbous,3470.5940895813405,64.77353792024448,382172.65304732515,0.10722844521794705,9,No Rain,1.3876885382042612
2023-08-19,00:00:00,Full Moon,3470.5876312338855,58.67505931723454,380569.11829764704,-2.1817954535667883,2,No Rain,1.0612726299984498
2023-08-19,12:00:00,Waxing Gibbous,3473.2460515105804,100.0,385801.4798668589,1.656867571928549,5,No Rain,0.29772523707480514
2023-08-20,00:00:00,Waning Crescent,3473.7302243963272,30.867800472460523,382349.68195237685,0.4948925408860525,10,No Rain,1.6563254956036613
2023-08-20,12:00:00,Last Quarter,3472.916843825486,34.07009134994547,384062.851897161,-1.9253350147021657,5,No Rain,2.3912271082786574
2023-08-21,00:00:00,Waxing Gibbous,3474.8108627423726,31.30578420725707,382644.830460911,-2.030713575883219,4,No Rain,0.684721398876348
2023-08-21,12:00:00,Waning Gibbous,3471.8743528976183,33.335686425192364,381697.02934362995,2.0481340971829622,7,No Rain,1.5276312979395088
2023-08-22,00:00:00,Full Moon,3471.428560431409,30.87838618080447,385212.1940923072,0.8460013146903922,3,Rain,1.1465476104312016
2023-08-22,12:00:00,Waning Crescent,3474.3429956409473,85.67049593322656,385538.73274045397,1.6464339965837773,6,Rain,1.7607512627849262
2023-08-23,00:00:00,Full Moon,3471.1179791925974,92.61512743969564,383535.2343989099,1.8948945014113363,3,No Rain,1.413834921637717
2023-08-23,12:00:00,Full Moon,3474.816112697203,32.87761118751571,380513.4365617826,0.3588617602416111,3,No Rain,0.8199726727911995
2023-08-24,00:00:00,Waxing Gibbous,3470.0607723734493,25.02933280687314,383580.63332762127,0.08723175877520628,4,No Rain,1.009448143025132
2023-08-24,12:00:00,Waxing Gibbous,3474.849394133538,64.14246669159212,384987.7060081038,-0.34786294839504883,1,No Rain,1.0848497340078962
2023-08-25,00:00:00,Waning Gibbous,3470.2157995597527,33.43330867157086,382181.6326468388,-0.9152670610444036,2,No Rain,2.1721591039936037
2023-08-25,12:00:00,Last Quarter,3474.45571556849,68.98795453266533,384675.03987966874,-0.32702019570644136,4,Rain,2.1466296384650754
2023-08-26,00:00:00,First Quarter,3472.6385055454316,56.08769062553899,384377.0352262405,1.369398278650782,5,No Rain,1.3443260564436512
2023-08-26,12:00:00,Waning Crescent,3474.9648239805965,4.527676550083044,385268.93724940164,0.5096171550756576,8,No Rain,2.1139017167256733
2023-08-27,00:00:00,Waning Gibbous,3470.368982823677,96.42515603990185,384579.37055262126,1.9626164497742309,7,No Rain,1.413408080301913
2023-08-27,12:00:00,Last Quarter,3472.7692714220066,100.0,382940.39658867766,-0.28309992810406115,7,No Rain,1.3366686207749066
2023-08-28,00:00:00,Full Moon,3474.8465126780957,31.616339285468413,386194.85725249676,0.5354478935937701,2,No Rain,1.5285589202755874
2023-08-28,12:00:00,New Moon,3472.6154892208506,38.368953201920476,384162.20564045955,0.6565377654599436,6,Rain,1.6424126393118181
2023-08-29,00:00:00,Waning Gibbous,3473.1469931906763,58.57596172174715,384359.0431907351,0.4584858115316277,8,No Rain,1.2222776035674991
2023-08-29,12:00:00,Waxing Gibbous,3473.478743444923,60.033703699610754,383000.0980613902,1.0131688654275814,6,Rain,1.5109328710911114
2023-08-30,00:00:00,Last Quarter,3472.272705323839,69.75632818018491,383735.0766232127,-1.3128326581259686,4,No Rain,1.8936612528232617
2023-08-30,12:00:00,Waning Gibbous,3473.1377904004203,100.0,383072.7959289597,0.061818887728953165,4,No Rain,1.5647698196030235
2023-08-31,00:00:00,Last Quarter,3472.9215715596156,44.69158317517852,384140.58091011486,-1.9788759859582616,4,No Rain,1.52139145106216
2023-08-31,12:00:00,Waning Crescent,3474.505790052455,26.051082663846387,386967.5627202135,-0.5774433617759374,1,No Rain,1.7470901071403975
2023-09-01,00:00:00,Waning Crescent,3470.2272319017075,8.620423159564183,382342.148285603,-0.06166465689367806,6,No Rain,1.8333530304293046
2023-09-01,12:00:00,Full Moon,3471.404815947961,28.072098801742428,381979.6579031849,0.7611212977273625,8,No Rain,1.4686920906935388
2023-09-02,00:00:00,Waxing Gibbous,3474.7520574203827,49.006190813786084,386606.7554912404,2.2526552629310173,7,No Rain,1.2629094714609257
2023-09-02,12:00:00,Waning Gibbous,3474.4513189194545,100.0,384086.0144842722,0.5032553327417792,7,No Rain,1.5946016517371175
2023-09-03,00:00:00,First Quarter,3472.2782837639284,34.47166102891486,383396.3908920101,1.2179695808827988,6,No Rain,0.7030181350883503
2023-09-03,12:00:00,Full Moon,3473.1006629890076,56.71363854916696,385959.85703109414,0.03133029747601368,6,No Rain,1.3948390022480726
2023-09-04,00:00:00,Last Quarter,3471.3869059149056,49.50731311781744,383491.5766903947,0.6705201568816568,4,Rain,0.2642200458428696
2023-09-04,12:00:00,Waning Gibbous,3470.940605798619,85.65179820344252,387139.01457032043,-2.1453389193311327,3,No Rain,0.6621041082817497
2023-09-05,00:00:00,Waning Crescent,3472.3184920247,100.0,385416.8888070089,-1.228042095790765,6,No Rain,0.5869070752916447
2023-09-05,12:00:00,Waxing Gibbous,3471.7667611401303,34.07393681239038,383668.1328877814,-0.6907345339743065,3,Rain,2.0236758712265255
2023-09-06,00:00:00,Waning Crescent,3472.9182805592545,35.31681672445333,387635.96231989824,-0.13753322496743214,10,Rain,1.5069909079846624
2023-09-06,12:00:00,First Quarter,3470.3886731848247,81.32482631207216,383491.427615495,-2.2717562724880813,5,Rain,0.8689754883918327
2023-09-07,00:00:00,Last Quarter,3474.871974038331,70.45674468878934,385513.143058014,-1.7998795122334115,6,No Rain,1.7455330217226783
2023-09-07,12:00:00,First Quarter,3474.931053722398,100.0,384848.93887060974,-1.1159284610434712,6,No Rain,1.9943272396832592
