Date,Time,Moon_Age_hr,Moon_Altitude_deg,Moon_Azimuth_deg,Sun_Altitude_deg,Sun_Azimuth_deg,Elongation_deg,Air_Mass,Illuminated_Surface_%,Moon_Distance_km,Sky_Brightness_mag/arcsec2,API,Cloud_%,Humidity_%,Air_Pressure_hPa,Seen_Status
2021-01-01,18:45:00,296.62,69.62,41.72,-64.52,132.85,148.31,1.07,92.55,377931.06,16.0,24.7,78.2,83.2,1012.4,Not Seen
2021-01-02,18:45:00,272.03,61.23,64.89,-64.66,132.83,136.02,1.14,85.98,375214.84,17.05,29.3,33.4,79.0,1017.9,Seen
2021-01-03,18:45:00,247.07,50.56,77.66,-64.81,132.8,123.53,1.29,77.62,372963.93,18.58,34.7,20.6,82.0,1014.5,Seen
2021-01-04,18:45:00,221.74,38.91,85.7,-64.95,132.75,110.87,1.59,67.81,371167.13,17.59,59.1,0.0,73.2,1010.0,Seen
2021-01-05,18:45:00,196.07,26.75,91.52,-65.11,132.68,98.04,2.22,56.99,369818.69,18.09,41.5,66.6,78.0,998.3,Not Seen
2021-01-06,18:45:00,170.07,14.28,96.22,-65.26,132.6,85.04,,45.67,368941.21,17.97,33.7,70.2,80.8,1004.5,Not Seen
2021-01-07,18:45:00,143.77,1.6,100.4,-65.42,132.5,71.88,,34.45,368597.13,18.52,66.2,13.9,67.4,1006.2,Not Seen
2021-01-08,18:45:00,117.22,-11.18,104.45,-65.58,132.38,58.61,,23.96,368884.75,21.41,66.0,43.5,88.7,1006.5,Not Seen
2021-01-09,18:45:00,90.52,-23.98,108.74,-65.74,132.24,45.26,,14.81,369917.97,21.18,71.0,26.6,88.3,1016.1,Not Seen
2021-01-10,18:45:00,63.83,-36.66,113.77,-65.91,132.09,31.91,,7.56,371793.46,21.48,40.8,36.6,69.2,1019.5,Not Seen
2021-01-11,18:45:00,37.38,-49.02,120.44,-66.08,131.92,18.69,,2.64,374552.92,22.0,42.3,0.0,88.7,1004.3,Not Seen
2021-01-12,18:45:00,12.08,-60.7,130.87,-66.25,131.72,6.04,,0.28,378151.07,22.0,87.6,67.2,80.9,1011.6,Not Seen
2021-01-13,18:45:00,16.23,-70.7,150.92,-66.42,131.51,8.12,,0.5,382439.21,22.0,26.7,39.5,61.1,1009.3,Not Seen
2021-01-14,18:45:00,40.77,-75.73,191.85,-66.6,131.28,20.39,,3.13,387169.83,22.0,52.5,56.4,94.8,1007.9,Not Seen
2021-01-15,18:45:00,65.1,-71.86,234.41,-66.77,131.03,32.55,,7.85,392021.09,22.0,28.9,7.9,70.2,1007.6,Not Seen
2021-01-16,18:45:00,88.77,-63.08,255.6,-66.95,130.75,44.39,,14.27,396633.89,22.0,34.5,41.4,84.2,1009.1,Not Seen
2021-01-17,18:45:00,111.8,-53.0,266.24,-67.13,130.46,55.9,,21.97,400652.17,22.0,44.8,54.2,71.0,1008.1,Not Seen
2021-01-18,18:45:00,134.24,-42.61,272.7,-67.31,130.14,67.12,,30.56,403758.82,22.0,26.0,41.0,64.7,1009.9,Not Seen
2021-01-19,18:45:00,156.24,-32.16,277.25,-67.49,129.8,78.12,,39.71,405703.74,22.0,47.4,17.6,67.6,1012.6,Not Seen
2021-01-20,18:45:00,177.95,-21.7,280.8,-67.68,129.44,88.98,,49.11,406323.65,20.02,27.6,50.2,63.6,1008.5,Not Seen
2021-01-21,18:45:00,199.54,-11.2,283.82,-67.86,129.05,99.77,,58.48,405554.54,19.63,84.1,61.9,94.6,1003.5,Not Seen
2021-01-22,18:45:00,221.17,-0.59,286.57,-68.04,128.64,110.58,,67.58,403436.81,20.47,38.0,83.1,88.7,1011.7,Not Seen
2021-01-23,18:45:00,243.01,10.17,289.23,-68.22,128.21,121.5,,76.13,400113.11,20.07,59.1,30.5,72.9,1008.5,Seen
2021-01-24,18:45:00,265.19,21.15,292.0,-68.41,127.75,132.6,2.77,83.84,395818.62,19.9,74.1,54.4,68.0,1005.2,Not Seen
2021-01-25,18:45:00,287.82,32.38,295.12,-68.59,127.26,143.91,1.87,90.4,390864.14,19.74,70.4,58.5,90.1,1007.6,Not Seen
2021-01-26,18:45:00,310.91,43.87,299.05,-68.77,126.75,155.46,1.44,95.48,385611.9,16.99,49.3,0.0,79.2,1007.1,Seen
2021-01-27,18:45:00,334.22,55.54,304.78,-68.95,126.22,167.11,1.21,98.74,380443.5,18.22,62.0,30.7,89.4,1013.4,Seen
2021-01-28,18:45:00,352.15,67.09,315.28,-69.13,125.66,176.08,1.09,99.88,375721.35,17.46,52.3,67.4,70.7,1011.9,Not Seen
2021-01-29,18:45:00,333.8,77.11,342.82,-69.3,125.07,166.9,1.03,98.7,371748.19,18.17,61.6,24.9,66.8,1019.6,Seen
2021-01-30,18:45:00,308.9,78.41,47.68,-69.48,124.45,154.45,1.02,95.11,368733.34,16.0,65.6,52.0,89.9,1007.3,Not Seen
2021-01-31,18:45:00,283.26,68.87,82.42,-69.65,123.81,141.63,1.07,89.2,366775.12,16.0,59.5,49.5,69.7,1004.5,Seen
2021-02-01,18:45:00,257.29,56.64,94.63,-69.82,123.14,128.64,1.2,81.22,365865.13,18.41,36.0,69.1,60.8,1017.6,Not Seen
2021-02-02,18:45:00,231.15,43.78,100.73,-69.98,122.44,115.57,1.45,71.58,365912.89,17.22,42.2,37.4,90.2,1009.5,Seen
2021-02-03,18:45:00,204.95,30.73,104.58,-70.15,121.71,102.48,1.96,60.8,366782.66,20.54,93.9,48.7,64.8,1013.0,Seen
2021-02-04,18:45:00,178.77,17.63,107.4,-70.31,120.96,89.38,3.3,49.46,368331.46,18.28,48.7,52.6,68.6,1008.1,Not Seen
2021-02-05,18:45:00,152.66,4.56,109.7,-70.46,120.18,76.33,,38.18,370438.31,18.36,46.5,24.8,63.4,1020.9,Seen
2021-02-06,18:45:00,126.68,-8.43,111.73,-70.61,119.37,63.34,,27.56,373018.96,19.43,41.9,65.7,70.1,1017.6,Not Seen
2021-02-07,18:45:00,100.88,-21.31,113.7,-70.76,118.53,50.44,,18.16,376024.39,21.07,73.8,40.5,86.6,1006.7,Not Seen
2021-02-08,18:45:00,75.37,-34.04,115.78,-70.9,117.66,37.69,,10.43,379425.04,21.94,15.6,81.8,73.7,1010.6,Not Seen
2021-02-09,18:45:00,50.31,-46.56,118.28,-71.04,116.77,25.15,,4.74,383186.21,21.57,47.9,13.9,82.7,1020.9,Not Seen
2021-02-10,18:45:00,26.16,-58.83,121.84,-71.17,115.84,13.08,,1.3,387241.9,22.0,22.1,42.0,82.8,999.9,Not Seen
2021-02-11,18:45:00,9.18,-70.7,128.63,-71.3,114.89,4.59,,0.16,391475.12,21.92,45.0,32.2,92.5,1003.8,Not Seen
2021-02-12,18:45:00,25.7,-81.52,151.55,-71.42,113.92,12.85,,1.25,395710.6,22.0,80.2,58.6,84.4,1011.6,Not Seen
2021-02-13,18:45:00,48.32,-82.82,247.75,-71.53,112.91,24.16,,4.38,399721.55,22.0,61.0,58.9,65.8,1012.5,Not Seen
2021-02-14,18:45:00,70.94,-72.86,277.07,-71.63,111.89,35.47,,9.28,403247.75,22.0,55.2,24.6,91.4,1014.7,Not Seen
2021-02-15,18:45:00,93.21,-62.02,284.51,-71.73,110.84,46.6,,15.65,406020.15,22.0,48.8,25.6,94.6,1014.2,Not Seen
2021-02-16,18:45:00,115.13,-51.17,287.95,-71.82,109.76,57.57,,23.18,407787.44,22.0,28.6,71.4,66.6,1012.2,Not Seen
2021-02-17,18:45:00,136.81,-40.38,290.01,-71.9,108.66,68.4,,31.6,408341.79,21.63,50.9,85.6,63.7,1009.9,Not Seen
2021-02-18,18:45:00,158.37,-29.59,291.4,-71.98,107.54,79.18,,40.62,407542.01,21.08,30.9,26.2,77.5,1006.8,Not Seen
2021-02-19,18:45:00,179.97,-18.74,292.43,-72.04,106.4,89.98,,49.99,405332.95,19.96,54.1,4.7,65.9,1014.4,Not Seen
2021-02-20,18:45:00,201.77,-7.75,293.21,-72.1,105.25,100.88,,59.44,401759.54,20.48,59.4,16.6,80.8,1013.6,Not Seen
2021-02-21,18:45:00,223.94,3.47,293.81,-72.14,104.07,111.97,,68.71,396974.3,19.92,45.5,88.4,87.2,1004.2,Not Seen
2021-02-22,18:45:00,246.63,14.99,294.27,-72.18,102.88,123.31,,77.46,391237.82,21.68,45.9,41.8,73.3,1004.0,Seen
2021-02-23,18:45:00,269.94,26.9,294.6,-72.21,101.68,134.97,2.21,85.34,384910.66,19.96,39.6,61.3,72.3,1007.6,Not Seen
2021-02-24,18:45:00,293.91,39.22,294.79,-72.23,100.46,146.96,1.58,91.91,378433.94,17.41,67.2,24.3,84.8,1010.4,Seen
2021-02-25,18:45:00,318.42,51.98,294.79,-72.24,99.23,159.21,1.27,96.74,372294.7,17.76,58.8,40.2,84.9,1006.9,Seen
2021-02-26,18:45:00,342.28,65.15,294.42,-72.24,98.0,171.14,1.1,99.4,366974.77,17.89,52.9,60.7,72.2,1014.9,Not Seen
2021-02-27,18:45:00,344.68,78.66,292.59,-72.23,96.75,172.34,1.02,99.55,362888.55,16.0,75.9,47.5,87.2,1011.2,Seen
2021-02-28,18:45:00,320.28,87.44,132.43,-72.21,95.51,160.14,1.0,97.03,360323.12,16.0,67.9,8.6,72.1,1006.7,Seen
2021-03-01,18:45:00,293.75,73.62,118.75,-72.18,94.26,146.87,1.04,91.87,359398.14,16.32,58.4,44.2,64.9,1004.8,Seen
2021-03-02,18:45:00,266.88,59.72,117.53,-72.14,93.01,133.44,1.16,84.38,360058.97,18.17,67.6,25.7,89.1,1005.9,Seen
2021-03-03,18:45:00,240.06,45.93,116.96,-72.09,91.76,120.03,1.39,75.02,362105.26,19.88,51.3,36.5,78.0,1004.4,Seen
2021-03-04,18:45:00,213.5,32.33,116.5,-72.02,90.51,106.75,1.87,64.41,365244.91,18.54,44.7,43.2,89.6,1018.6,Seen
2021-03-05,18:45:00,187.3,18.98,116.02,-71.95,89.27,93.65,3.08,53.18,369155.46,19.86,64.6,44.3,62.9,1010.0,Seen
2021-03-06,18:45:00,161.52,5.9,115.45,-71.87,88.03,80.76,,41.97,373536.45,19.01,47.2,29.9,94.7,1009.8,Seen
2021-03-07,18:45:00,136.19,-6.91,114.74,-71.79,86.8,68.1,,31.35,378142.44,22.0,30.6,10.6,64.0,1008.7,Not Seen
2021-03-08,18:45:00,111.31,-19.43,113.8,-71.69,85.58,55.66,,21.79,382794.4,20.94,28.4,21.2,77.7,1019.5,Not Seen
2021-03-09,18:45:00,86.89,-31.69,112.52,-71.58,84.37,43.44,,13.7,387372.48,20.34,86.1,13.7,76.7,1009.8,Not Seen
2021-03-10,18:45:00,62.96,-43.67,110.65,-71.46,83.17,31.48,,7.36,391796.24,22.0,53.5,0.0,67.9,1014.7,Not Seen
2021-03-11,18:45:00,39.69,-55.36,107.66,-71.33,81.98,19.85,,2.97,395999.53,22.0,50.5,23.6,83.4,1015.9,Not Seen
2021-03-12,18:45:00,18.05,-66.68,101.99,-71.2,80.81,9.03,,0.62,399906.97,22.0,36.5,86.9,90.9,1011.3,Not Seen
2021-03-13,18:45:00,12.62,-77.23,87.18,-71.06,79.66,6.31,,0.3,403417.65,22.0,59.1,16.2,61.7,1009.2,Not Seen
2021-03-14,18:45:00,31.98,-83.47,25.39,-70.9,78.52,15.99,,1.93,406398.74,22.0,44.9,50.6,93.6,1007.5,Not Seen
2021-03-15,18:45:00,53.55,-76.96,327.13,-70.75,77.4,26.77,,5.36,408688.89,22.0,38.8,0.0,73.9,1011.0,Not Seen
2021-03-16,18:45:00,75.21,-66.87,313.0,-70.58,76.3,37.6,,10.39,410109.88,22.0,16.9,26.9,62.2,1010.7,Not Seen
2021-03-17,18:45:00,96.78,-56.38,307.23,-70.4,75.21,48.39,,16.8,410484.26,21.47,34.8,15.6,77.0,1003.6,Not Seen
2021-03-18,18:45:00,118.3,-45.78,303.86,-70.22,74.15,59.15,,24.36,409657.29,22.0,35.2,92.4,61.6,1008.5,Not Seen
2021-03-19,18:45:00,139.88,-35.1,301.42,-70.03,73.1,69.94,,32.85,407520.77,22.0,35.1,10.3,79.0,1008.9,Not Seen
2021-03-20,18:45:00,161.66,-24.3,299.38,-69.84,72.08,80.83,,42.03,404036.55,21.44,89.8,41.9,70.6,1008.1,Not Seen
2021-03-21,18:45:00,183.79,-13.3,297.47,-69.64,71.08,91.9,,51.65,399256.9,21.07,42.8,11.8,64.9,1002.8,Not Seen
2021-03-22,18:45:00,206.44,-2.03,295.5,-69.43,70.09,103.22,,61.43,393340.41,20.18,40.8,29.2,72.6,1005.5,Not Seen
2021-03-23,18:45:00,229.76,9.57,293.31,-69.21,69.13,114.88,,71.03,386561.9,21.82,62.9,37.1,88.6,1001.6,Seen
2021-03-24,18:45:00,253.86,21.56,290.67,-69.0,68.19,126.93,2.72,80.04,379313.42,19.23,35.7,20.7,70.3,1005.8,Seen
2021-03-25,18:45:00,278.8,33.94,287.22,-68.77,67.27,139.4,1.79,87.96,372090.36,18.7,50.4,51.5,89.5,1004.9,Not Seen
2021-03-26,18:45:00,304.54,46.61,282.15,-68.55,66.37,152.27,1.38,94.26,365455.25,16.96,32.4,25.2,83.7,1002.4,Seen
2021-03-27,18:45:00,330.65,59.3,273.41,-68.31,65.48,165.32,1.16,98.37,359975.34,17.25,43.9,0.0,66.1,1010.0,Seen
2021-03-28,18:45:00,350.86,70.95,254.05,-68.08,64.62,175.43,1.06,99.84,356140.4,16.0,31.7,15.0,61.4,1011.1,Seen
2021-03-29,18:45:00,331.08,76.85,204.89,-67.84,63.78,165.54,1.03,98.42,354279.43,16.61,42.4,17.7,71.7,1015.9,Seen
2021-03-30,18:45:00,303.82,70.36,157.36,-67.59,62.96,151.91,1.06,94.11,354502.0,17.73,14.5,33.2,63.8,1012.3,Seen
2021-03-31,18:45:00,276.25,58.45,138.67,-67.35,62.16,138.13,1.17,87.23,356685.48,19.05,41.6,69.7,75.9,1008.4,Not Seen
2021-04-01,18:45:00,248.99,45.53,129.83,-67.1,61.38,124.49,1.4,78.32,360512.92,19.29,93.7,11.2,65.8,1025.0,Seen
2021-04-02,18:45:00,222.28,32.56,124.31,-66.85,60.61,111.14,1.86,68.03,365547.25,17.82,56.0,45.2,77.9,1001.8,Seen
2021-04-03,18:45:00,196.23,19.84,120.15,-66.59,59.87,98.12,2.95,57.06,371316.04,17.61,73.2,11.6,89.7,1005.4,Seen
2021-04-04,18:45:00,170.88,7.48,116.54,-66.34,59.14,85.44,,46.02,377382.78,18.56,70.3,52.9,70.2,1010.6,Not Seen
2021-04-05,18:45:00,146.19,-4.5,113.06,-66.08,58.42,73.1,,35.46,383391.44,21.51,13.6,0.0,79.2,1016.2,Not Seen
2021-04-06,18:45:00,122.11,-16.09,109.41,-65.82,57.73,61.05,,25.8,389082.82,21.82,41.2,0.0,72.4,1014.7,Not Seen
2021-04-07,18:45:00,98.56,-27.28,105.26,-65.56,57.05,49.28,,17.38,394288.79,19.41,28.8,51.7,65.8,1008.5,Not Seen
2021-04-08,18:45:00,75.49,-38.05,100.17,-65.3,56.39,37.75,,10.46,398912.62,22.0,58.9,65.9,68.3,1010.2,Not Seen
2021-04-09,18:45:00,52.87,-48.3,93.36,-65.04,55.74,26.44,,5.23,402903.14,22.0,46.8,54.1,82.9,1006.5,Not Seen
2021-04-10,18:45:00,30.82,-57.78,83.37,-64.77,55.11,15.41,,1.8,406228.84,22.0,77.1,44.7,79.9,1013.9,Not Seen
2021-04-11,18:45:00,10.87,-65.85,67.17,-64.51,54.49,5.44,,0.22,408856.27,22.0,66.8,35.8,87.0,1014.7,Not Seen
2021-04-12,18:45:00,16.32,-70.92,40.47,-64.25,53.89,8.16,,0.51,410735.25,22.0,59.6,44.6,63.5,1011.4,Not Seen
2021-04-13,18:45:00,36.99,-70.7,7.04,-63.99,53.3,18.5,,2.58,411792.44,22.0,29.4,23.7,86.4,1006.6,Not Seen
2021-04-14,18:45:00,58.39,-65.44,341.43,-63.73,52.72,29.19,,6.35,411933.37,22.0,73.1,59.6,77.2,1014.9,Not Seen
2021-04-15,18:45:00,79.92,-57.55,325.86,-63.46,52.16,39.96,,11.67,411052.79,22.0,76.1,53.6,91.2,1010.5,Not Seen
2021-04-16,18:45:00,101.56,-48.48,315.95,-63.2,51.61,50.78,,18.39,409052.22,22.0,43.5,47.0,73.1,1007.5,Not Seen
2021-04-17,18:45:00,123.41,-38.81,308.9,-62.94,51.07,61.71,,26.3,405862.46,22.0,83.6,13.9,68.6,1011.2,Not Seen
2021-04-18,18:45:00,145.59,-28.73,303.3,-62.69,50.55,72.79,,35.21,401468.09,22.0,47.3,52.4,68.3,1010.0,Not Seen
2021-04-19,18:45:00,168.23,-18.29,298.43,-62.43,50.04,84.12,,44.87,395931.57,21.61,53.2,58.3,86.7,1008.7,Not Seen
2021-04-20,18:45:00,191.49,-7.5,293.82,-62.17,49.54,95.75,,55.01,389414.7,20.31,32.8,8.6,62.7,1014.9,Not Seen
2021-04-21,18:45:00,215.52,3.66,289.13,-61.92,49.05,107.76,,65.25,382195.54,19.99,63.2,56.8,63.9,1014.4,Not Seen
2021-04-22,18:45:00,240.42,15.17,283.96,-61.67,48.57,120.21,3.82,75.16,374675.84,18.93,40.4,34.5,77.0,1009.4,Seen
2021-04-23,18:45:00,266.26,26.95,277.8,-61.42,48.1,133.13,2.21,84.18,367370.42,17.16,45.7,53.8,93.0,1014.3,Not Seen
2021-04-24,18:45:00,293.0,38.8,269.77,-61.17,47.64,146.5,1.6,91.69,360868.88,17.16,83.8,55.6,72.3,1016.6,Not Seen
2021-04-25,18:45:00,320.46,50.21,258.1,-60.92,47.2,160.23,1.3,97.05,355765.17,17.45,72.9,26.1,61.0,1016.2,Seen
2021-04-26,18:45:00,347.67,59.96,239.32,-60.68,46.76,173.83,1.16,99.71,352563.22,18.09,69.8,25.7,81.4,1010.7,Seen
2021-04-27,18:45:00,341.43,65.36,209.42,-60.44,46.33,170.72,1.1,99.34,351581.76,17.27,36.3,70.8,63.7,1001.3,Not Seen
2021-04-28,18:45:00,313.53,63.45,175.59,-60.2,45.91,156.77,1.12,95.94,352889.1,16.21,71.9,19.4,79.2,1011.5,Seen
2021-04-29,18:45:00,285.59,55.6,151.61,-59.97,45.5,142.8,1.21,89.82,356292.5,16.92,59.6,21.6,84.4,1014.3,Seen
2021-04-30,18:45:00,258.23,45.16,136.89,-59.74,45.1,129.12,1.41,81.54,361386.26,17.28,78.2,58.2,80.7,1006.9,Not Seen
2021-05-01,18:45:00,231.66,33.92,127.08,-59.51,44.7,115.83,1.79,71.79,367639.62,18.25,57.6,20.4,76.9,1010.6,Seen
2021-05-02,18:45:00,205.96,22.6,119.7,-59.29,44.32,102.98,2.6,61.23,374493.82,17.98,66.2,48.6,66.7,1013.6,Seen
2021-05-03,18:45:00,181.1,11.5,113.53,-59.07,43.94,90.55,,50.48,381441.01,19.89,45.2,9.5,74.6,1011.2,Seen
2021-05-04,18:45:00,157.03,0.72,107.9,-58.85,43.57,78.51,,40.04,388071.81,17.44,27.7,16.6,67.4,1003.7,Not Seen
2021-05-05,18:45:00,133.61,-9.68,102.36,-58.63,43.21,66.81,,30.31,394092.16,20.19,56.5,53.3,73.6,1011.7,Not Seen
2021-05-06,18:45:00,110.74,-19.69,96.55,-58.43,42.85,55.37,,21.59,399317.5,21.13,54.3,60.7,90.1,1010.5,Not Seen
2021-05-07,18:45:00,88.28,-29.27,90.07,-58.22,42.5,44.14,,14.12,403653.81,21.92,70.3,52.2,70.6,1020.5,Not Seen
2021-05-08,18:45:00,66.15,-38.32,82.39,-58.02,42.16,33.07,,8.1,407072.5,21.39,73.1,49.1,75.1,1016.1,Not Seen
2021-05-09,18:45:00,44.25,-46.66,72.75,-57.82,41.83,22.12,,3.68,409584.11,22.0,73.6,28.1,68.7,1006.3,Not Seen
2021-05-10,18:45:00,22.57,-53.91,60.04,-57.63,41.5,11.28,,0.97,411213.91,21.01,63.3,35.7,69.7,997.7,Not Seen
2021-05-11,18:45:00,3.53,-59.38,42.99,-57.44,41.18,1.77,,0.02,411982.21,22.0,56.1,70.1,94.6,1007.6,Not Seen
2021-05-12,18:45:00,21.47,-62.07,21.48,-57.26,40.86,10.73,,0.87,411891.42,22.0,10.0,32.1,80.0,1013.0,Not Seen
2021-05-13,18:45:00,43.11,-61.2,358.66,-57.08,40.56,21.56,,3.5,410921.54,22.0,46.2,52.6,83.0,1005.2,Not Seen
2021-05-14,18:45:00,64.97,-57.03,338.97,-56.9,40.26,32.49,,7.82,409034.65,22.0,85.1,14.9,83.6,1009.8,Not Seen
2021-05-15,18:45:00,87.06,-50.55,323.87,-56.73,39.96,43.53,,13.75,406187.66,22.0,23.5,35.2,67.0,1019.8,Not Seen
2021-05-16,18:45:00,109.44,-42.62,312.44,-56.56,39.67,54.72,,21.12,402351.64,22.0,33.3,65.8,85.2,1017.9,Not Seen
2021-05-17,18:45:00,132.23,-33.75,303.39,-56.4,39.39,66.12,,29.76,397535.38,21.89,62.3,21.0,90.8,1005.5,Not Seen
2021-05-18,18:45:00,155.55,-24.21,295.76,-56.25,39.11,77.78,,39.41,391810.56,21.89,48.9,15.1,61.2,1007.4,Not Seen
2021-05-19,18:45:00,179.53,-14.13,288.88,-56.1,38.84,89.77,,49.8,385336.37,21.59,53.3,33.4,85.4,1014.5,Not Seen
2021-05-20,18:45:00,204.28,-3.57,282.26,-55.95,38.58,102.14,,60.52,378379.78,19.97,26.3,47.6,79.8,998.0,Not Seen
2021-05-21,18:45:00,229.89,7.37,275.46,-55.81,38.32,114.95,,71.09,371325.06,21.69,66.7,21.2,83.7,1005.3,Seen
2021-05-22,18:45:00,256.4,18.58,267.96,-55.67,38.07,128.2,3.14,80.92,364663.06,19.47,70.6,33.2,90.4,1009.5,Seen
2021-05-23,18:45:00,283.74,29.81,259.07,-55.54,37.83,141.87,2.01,89.33,358951.12,19.16,43.3,60.1,90.9,1016.6,Not Seen
2021-05-24,18:45:00,311.78,40.6,247.67,-55.42,37.59,155.89,1.54,95.64,354740.98,18.52,40.2,12.2,62.6,1015.1,Seen
2021-05-25,18:45:00,340.24,50.09,231.98,-55.3,37.35,170.12,1.3,99.26,352484.96,19.19,39.2,64.7,89.2,1001.8,Not Seen
2021-05-26,18:45:00,351.1,56.69,210.03,-55.18,37.13,175.55,1.2,99.85,352444.47,17.21,81.3,53.1,90.0,1012.2,Not Seen
2021-05-27,18:45:00,322.79,58.45,183.08,-55.07,36.9,161.39,1.17,97.39,354631.33,16.39,62.2,90.2,71.2,1012.5,Not Seen
2021-05-28,18:45:00,294.99,54.84,157.97,-54.97,36.69,147.5,1.22,92.17,358803.95,16.47,63.9,35.5,83.2,1016.0,Seen
2021-05-29,18:45:00,267.98,47.55,139.23,-54.87,36.48,133.99,1.36,84.73,364519.79,16.0,54.1,60.8,67.6,1012.0,Not Seen
2021-05-30,18:45:00,241.89,38.5,125.9,-54.78,36.27,120.94,1.61,75.71,371223.73,18.73,75.1,33.8,71.5,1009.4,Seen
2021-05-31,18:45:00,216.73,28.8,115.94,-54.69,36.07,108.37,2.08,65.76,378342.26,18.83,40.7,42.2,69.9,1006.3,Seen
2021-06-01,18:45:00,192.47,18.95,107.91,-54.61,35.88,96.24,3.08,55.43,385358.46,18.88,45.0,28.4,63.1,1017.3,Seen
2021-06-02,18:45:00,168.99,9.2,100.95,-54.54,35.69,84.49,,45.2,391856.98,18.01,63.2,44.7,94.6,1011.2,Seen
2021-06-03,18:45:00,146.14,-0.35,94.51,-54.46,35.51,73.07,,35.44,397540.84,17.85,67.1,4.3,61.8,1000.6,Not Seen
2021-06-04,18:45:00,123.78,-9.66,88.2,-54.4,35.33,61.89,,26.44,402228.22,21.97,35.0,47.7,83.3,1007.7,Not Seen
2021-06-05,18:45:00,101.75,-18.71,81.66,-54.34,35.16,50.88,,18.45,405837.24,21.21,59.8,33.2,77.5,1009.5,Not Seen
2021-06-06,18:45:00,79.93,-27.44,74.54,-54.29,35.0,39.96,,11.68,408364.17,22.0,53.6,33.8,86.3,1014.0,Not Seen
2021-06-07,18:45:00,58.2,-35.76,66.35,-54.24,34.84,29.1,,6.31,409858.54,21.48,53.3,83.1,92.0,999.6,Not Seen
2021-06-08,18:45:00,36.46,-43.48,56.45,-54.2,34.69,18.23,,2.51,410397.89,22.0,46.9,36.1,70.1,1004.4,Not Seen
2021-06-09,18:45:00,14.68,-50.25,43.98,-54.16,34.54,7.34,,0.41,410065.16,22.0,68.5,54.0,66.1,1005.4,Not Seen
2021-06-10,18:45:00,7.58,-55.47,28.02,-54.13,34.4,3.79,,0.11,408931.61,22.0,66.4,47.6,92.2,1014.8,Not Seen
2021-06-11,18:45:00,29.64,-58.28,8.45,-54.11,34.26,14.82,,1.66,407046.99,22.0,53.6,26.8,83.1,1012.0,Not Seen
2021-06-12,18:45:00,52.07,-57.96,347.28,-54.09,34.14,26.04,,5.07,404438.14,22.0,49.4,28.9,85.1,1010.4,Not Seen
2021-06-13,18:45:00,74.83,-54.46,327.88,-54.07,34.02,37.41,,10.29,401115.84,22.0,65.0,64.5,74.0,1012.3,Not Seen
2021-06-14,18:45:00,97.96,-48.47,312.07,-54.07,33.9,48.98,,17.18,397089.42,22.0,65.5,38.9,92.2,1010.9,Not Seen
2021-06-15,18:45:00,121.55,-40.76,299.62,-54.06,33.79,60.77,,25.59,392387.66,21.14,52.7,58.8,92.8,1003.8,Not Seen
2021-06-16,18:45:00,145.66,-31.87,289.58,-54.07,33.69,72.83,,35.24,387083.7,21.33,34.7,37.4,65.1,1016.4,Not Seen
2021-06-17,18:45:00,170.39,-22.13,281.06,-54.08,33.59,85.19,,45.81,381320.38,21.81,34.1,33.6,86.4,1008.3,Not Seen
2021-06-18,18:45:00,195.8,-11.75,273.39,-54.09,33.51,97.9,,56.87,375330.79,21.62,52.7,90.2,76.2,1020.9,Not Seen
2021-06-19,18:45:00,221.93,-0.86,266.05,-54.11,33.42,110.97,,67.89,369446.76,19.15,10.0,34.5,81.2,1000.0,Not Seen
2021-06-20,18:45:00,248.77,10.39,258.52,-54.13,33.35,124.38,,78.24,364087.12,21.51,34.0,40.7,73.1,1009.2,Seen
2021-06-21,18:45:00,276.22,21.78,250.27,-54.16,33.28,138.11,2.7,87.22,359719.29,19.34,72.7,50.4,76.1,1011.4,Not Seen
2021-06-22,18:45:00,304.11,32.97,240.49,-54.2,33.22,152.06,1.84,94.17,356794.23,18.99,36.9,23.8,80.1,1007.9,Seen
2021-06-23,18:45:00,332.11,43.39,227.98,-54.24,33.17,166.05,1.46,98.53,355665.42,18.1,41.0,62.4,67.4,1012.9,Not Seen
2021-06-24,18:45:00,355.91,52.06,211.0,-54.29,33.13,177.96,1.27,99.97,356513.17,16.61,64.0,41.5,68.9,1008.1,Seen
2021-06-25,18:45:00,331.56,57.46,188.24,-54.34,33.09,165.78,1.19,98.47,359299.14,16.13,59.8,8.9,77.8,1004.1,Seen
2021-06-26,18:45:00,304.67,58.07,162.26,-54.39,33.06,152.33,1.18,94.28,363767.89,16.57,24.2,15.5,66.8,1006.0,Seen
2021-06-27,18:45:00,278.49,54.0,139.33,-54.46,33.03,139.25,1.24,87.88,369494.57,16.73,22.6,82.3,91.2,1011.5,Not Seen
2021-06-28,18:45:00,253.2,46.92,122.3,-54.52,33.02,126.6,1.37,79.81,375961.15,17.97,10.0,17.4,79.1,1009.1,Seen
2021-06-29,18:45:00,228.79,38.38,109.99,-54.6,33.01,114.39,1.61,70.65,382636.35,17.4,51.9,49.0,73.0,1011.5,Seen
2021-06-30,18:45:00,205.19,29.23,100.66,-54.67,33.01,102.59,2.05,60.9,389039.78,18.43,104.1,49.5,73.5,1007.1,Not Seen
2021-07-01,18:45:00,182.28,19.87,93.1,-54.75,33.02,91.14,2.94,51.0,394782.31,18.59,20.3,70.7,78.7,1011.3,Not Seen
2021-07-02,18:45:00,159.92,10.47,86.58,-54.84,33.04,79.96,,41.28,399584.25,19.75,68.3,40.3,61.3,1008.5,Seen
2021-07-03,18:45:00,137.92,1.1,80.6,-54.93,33.06,68.96,,32.05,403277.52,19.52,51.9,37.5,91.4,1015.0,Not Seen
2021-07-04,18:45:00,116.15,-8.2,74.79,-55.03,33.1,58.08,,23.56,405797.0,21.71,75.4,41.5,74.6,1017.0,Not Seen
2021-07-05,18:45:00,94.46,-17.44,68.84,-55.13,33.14,47.23,,16.05,407164.28,21.08,48.5,53.5,66.7,1007.7,Not Seen
2021-07-06,18:45:00,72.72,-26.56,62.39,-55.24,33.19,36.36,,9.74,407466.07,22.0,50.6,52.2,68.2,1021.3,Not Seen
2021-07-07,18:45:00,50.87,-35.5,54.94,-55.35,33.25,25.44,,4.85,406829.94,22.0,44.6,91.0,63.8,1015.5,Not Seen
2021-07-08,18:45:00,28.95,-44.06,45.78,-55.46,33.32,14.47,,1.59,405400.38,21.89,60.8,71.3,76.1,1014.2,Not Seen
2021-07-09,18:45:00,8.51,-51.89,33.73,-55.58,33.4,4.26,,0.14,403318.08,22.0,10.0,82.8,61.6,1013.2,Not Seen
2021-07-10,18:45:00,18.33,-58.26,17.17,-55.7,33.49,9.16,,0.64,400704.37,22.0,63.7,0.0,84.3,1012.8,Not Seen
2021-07-11,18:45:00,40.98,-61.93,355.05,-55.83,33.58,20.49,,3.16,397652.14,22.0,67.0,19.1,65.7,1022.8,Not Seen
2021-07-12,18:45:00,64.49,-61.6,330.07,-55.96,33.69,32.25,,7.71,394224.86,22.0,53.3,58.8,93.1,1014.4,Not Seen
2021-07-13,18:45:00,88.51,-57.16,308.12,-56.09,33.81,44.26,,14.19,390464.63,22.0,29.2,48.6,75.3,1008.0,Not Seen
2021-07-14,18:45:00,113.0,-49.77,291.73,-56.23,33.94,56.5,,22.4,386409.33,22.0,13.8,66.4,89.9,997.1,Not Seen
2021-07-15,18:45:00,137.95,-40.59,279.8,-56.37,34.07,68.98,,32.06,382116.11,21.65,17.6,53.9,72.0,1012.6,Not Seen
2021-07-16,18:45:00,163.39,-30.28,270.68,-56.52,34.22,81.69,,42.78,377686.64,21.88,80.4,46.4,94.1,1010.5,Not Seen
2021-07-17,18:45:00,189.31,-19.23,263.2,-56.67,34.38,94.66,,54.06,373287.16,21.16,50.8,4.0,78.7,1012.9,Not Seen
2021-07-18,18:45:00,215.71,-7.65,256.6,-56.82,34.55,107.85,,65.33,369156.82,19.83,30.8,12.2,83.0,1012.7,Not Seen
2021-07-19,18:45:00,242.51,4.31,250.32,-56.97,34.73,121.25,,75.94,365598.04,20.71,38.6,70.1,85.8,1002.4,Not Seen
2021-07-20,18:45:00,269.6,16.46,243.85,-57.13,34.93,134.8,3.53,85.23,362945.62,19.74,73.0,28.5,80.0,1006.6,Seen
2021-07-21,18:45:00,296.8,28.59,236.6,-57.29,35.13,148.4,2.09,92.59,361516.19,16.77,56.9,67.0,70.5,1013.9,Not Seen
2021-07-22,18:45:00,323.73,40.36,227.65,-57.46,35.34,161.87,1.54,97.52,361547.04,18.66,17.0,22.1,82.9,1020.4,Seen
2021-07-23,18:45:00,348.45,51.22,215.39,-57.62,35.57,174.22,1.28,99.75,363139.98,18.28,59.6,86.0,74.5,1017.4,Not Seen
2021-07-24,18:45:00,340.02,60.12,197.01,-57.79,35.81,170.01,1.15,99.24,366228.3,16.92,55.3,51.0,62.0,1010.3,Not Seen
2021-07-25,18:45:00,315.04,65.08,170.0,-57.96,36.06,157.52,1.1,96.2,370578.28,16.97,37.4,44.7,91.1,1010.4,Seen
2021-07-26,18:45:00,290.11,64.2,139.71,-58.14,36.32,145.05,1.11,90.98,375824.59,16.29,60.5,79.8,82.7,1002.2,Not Seen
2021-07-27,18:45:00,265.83,58.37,116.54,-58.31,36.6,132.92,1.17,84.05,381527.01,18.05,44.5,32.5,82.8,1017.0,Seen
2021-07-28,18:45:00,242.27,50.03,101.54,-58.49,36.89,121.13,1.3,75.85,387231.36,17.95,68.3,37.4,74.8,998.2,Seen
2021-07-29,18:45:00,219.36,40.66,91.52,-58.67,37.19,109.68,1.53,66.84,392520.69,17.92,45.6,0.0,60.9,1016.5,Seen
2021-07-30,18:45:00,196.99,30.89,84.26,-58.85,37.5,98.49,1.95,57.38,397051.03,17.06,34.0,22.9,64.8,1011.3,Seen
2021-07-31,18:45:00,175.0,20.96,78.53,-59.03,37.83,87.5,2.8,47.82,400572.17,18.74,44.4,13.8,75.0,1012.3,Seen
2021-08-01,18:45:00,153.24,10.96,73.69,-59.22,38.17,76.62,,38.43,402936.54,19.71,56.0,35.8,71.5,1003.4,Seen
2021-08-02,18:45:00,131.55,0.88,69.31,-59.4,38.52,65.78,,29.49,404098.61,19.45,59.8,56.8,76.4,1022.8,Not Seen
2021-08-03,18:45:00,109.78,-9.28,65.08,-59.59,38.89,54.89,,21.24,404105.8,22.0,58.7,54.1,92.6,1004.1,Not Seen
2021-08-04,18:45:00,87.8,-19.54,60.74,-59.77,39.27,43.9,,13.97,403082.22,21.67,61.9,84.3,86.0,1001.5,Not Seen
2021-08-05,18:45:00,65.54,-29.89,55.93,-59.96,39.66,32.77,,7.96,401207.14,19.76,64.9,1.7,92.8,1008.9,Not Seen
2021-08-06,18:45:00,43.02,-40.29,50.11,-60.15,40.07,21.51,,3.48,398690.69,20.45,61.8,72.6,62.2,1010.5,Not Seen
2021-08-07,18:45:00,20.83,-50.57,42.27,-60.34,40.49,10.41,,0.82,395749.16,22.0,39.0,0.2,79.8,1004.6,Not Seen
2021-08-08,18:45:00,10.72,-60.33,30.22,-60.53,40.93,5.36,,0.22,392581.6,22.0,16.1,93.4,75.0,1016.8,Not Seen
2021-08-09,18:45:00,31.08,-68.4,9.03,-60.72,41.38,15.54,,1.83,389350.38,22.0,51.7,26.3,69.7,1011.0,Not Seen
2021-08-10,18:45:00,55.27,-71.81,333.62,-60.91,41.85,27.64,,5.7,386169.41,22.0,18.9,27.7,87.2,1010.0,Not Seen
2021-08-11,18:45:00,80.26,-67.86,298.53,-61.1,42.33,40.13,,11.77,383103.52,22.0,43.5,2.6,68.8,1007.7,Not Seen
2021-08-12,18:45:00,105.7,-59.03,277.76,-61.28,42.83,52.85,,19.81,380180.65,22.0,59.5,32.0,76.6,1009.7,Not Seen
2021-08-13,18:45:00,131.48,-48.17,266.05,-61.47,43.34,65.74,,29.46,377414.27,21.45,59.2,1.3,78.2,1005.0,Not Seen
2021-08-14,18:45:00,157.52,-36.39,258.56,-61.66,43.87,78.76,,40.25,374830.0,21.42,39.6,50.1,61.0,1000.6,Not Seen
2021-08-15,18:45:00,183.75,-24.12,253.14,-61.84,44.41,91.88,,51.64,372488.76,20.76,51.7,18.1,76.4,1018.9,Not Seen
2021-08-16,18:45:00,210.12,-11.54,248.77,-62.03,44.97,105.06,,62.99,370499.75,20.66,49.4,37.9,87.4,1014.8,Not Seen
2021-08-17,18:45:00,236.56,1.23,244.91,-62.21,45.54,118.28,,73.69,369018.55,19.49,45.2,56.9,81.3,1007.0,Not Seen
2021-08-18,18:45:00,262.96,14.09,241.18,-62.39,46.13,131.48,,83.12,368228.65,18.94,10.0,63.2,87.0,1009.1,Not Seen
2021-08-19,18:45:00,289.17,26.95,237.2,-62.57,46.74,144.58,2.21,90.75,368308.28,19.04,72.2,97.8,67.3,1006.5,Not Seen
2021-08-20,18:45:00,314.93,39.66,232.46,-62.74,47.36,157.46,1.57,96.18,369388.67,16.0,61.7,40.9,62.2,1008.9,Seen
2021-08-21,18:45:00,339.3,52.03,225.92,-62.92,48.0,169.65,1.27,99.19,371514.39,17.5,43.5,34.8,74.0,1012.3,Seen
2021-08-22,18:45:00,347.76,63.65,215.05,-63.09,48.65,173.88,1.12,99.71,374617.5,16.32,25.9,25.9,70.1,1015.9,Seen
2021-08-23,18:45:00,326.61,73.33,192.08,-63.26,49.32,163.3,1.04,97.89,378513.92,17.75,59.3,69.2,86.5,1020.1,Not Seen
2021-08-24,18:45:00,303.15,76.85,144.47,-63.43,50.0,151.57,1.03,93.97,382922.91,16.58,48.2,22.9,74.9,1007.8,Seen
2021-08-25,18:45:00,279.94,71.08,104.95,-63.59,50.7,139.97,1.06,88.29,387502.82,16.68,53.8,49.9,93.4,1004.5,Seen
2021-08-26,18:45:00,257.21,61.51,87.74,-63.75,51.42,128.61,1.14,81.2,391892.98,17.51,22.3,30.5,61.4,994.5,Seen
2021-08-27,18:45:00,234.92,51.07,79.23,-63.91,52.15,117.46,1.29,73.06,395752.68,17.97,90.3,23.9,90.4,1018.5,Seen
2021-08-28,18:45:00,212.98,40.41,74.1,-64.06,52.89,106.49,1.54,64.19,398792.77,17.99,53.1,43.7,84.8,1019.3,Seen
2021-08-29,18:45:00,191.26,29.7,70.56,-64.21,53.65,95.63,2.02,54.9,400799.13,19.27,61.0,26.0,63.4,1012.9,Seen
2021-08-30,18:45:00,169.58,18.94,67.87,-64.36,54.43,84.79,3.08,45.46,401648.35,18.19,52.8,63.9,91.8,1008.9,Not Seen
2021-08-31,18:45:00,147.8,8.08,65.67,-64.5,55.22,73.9,,36.14,401315.52,19.49,43.9,38.2,74.6,1008.0,Seen
2021-09-01,18:45:00,125.76,-2.92,63.73,-64.64,56.02,62.88,,27.21,399873.41,20.56,79.0,64.2,68.9,1005.9,Not Seen
2021-09-02,18:45:00,103.32,-14.12,61.91,-64.77,56.84,51.66,,18.98,397483.16,21.48,22.4,56.5,81.2,1007.1,Not Seen
2021-09-03,18:45:00,80.38,-25.58,60.06,-64.9,57.67,40.19,,11.8,394377.2,20.69,15.0,32.3,71.3,1005.2,Not Seen
2021-09-04,18:45:00,56.92,-37.32,57.96,-65.02,58.51,28.46,,6.04,390835.45,22.0,47.2,17.6,93.8,1011.9,Not Seen
2021-09-05,18:45:00,33.18,-49.32,55.22,-65.14,59.37,16.59,,2.08,387155.9,20.85,94.0,44.6,68.7,1013.4,Not Seen
2021-09-06,18:45:00,11.91,-61.54,50.81,-65.26,60.24,5.95,,0.27,383621.13,21.89,68.9,73.5,92.3,1015.2,Not Seen
2021-09-07,18:45:00,21.42,-73.71,40.61,-65.37,61.12,10.71,,0.87,380465.09,22.0,10.0,55.6,62.2,1007.6,Not Seen
2021-09-08,18:45:00,46.17,-83.52,351.85,-65.47,62.01,23.08,,4.0,377846.83,22.0,52.5,0.0,92.6,1006.2,Not Seen
2021-09-09,18:45:00,72.2,-77.52,270.93,-65.57,62.92,36.1,,9.6,375838.74,22.0,64.7,97.2,74.5,1013.5,Not Seen
2021-09-10,18:45:00,98.61,-65.17,255.51,-65.67,63.83,49.3,,17.4,374433.19,22.0,52.4,10.9,85.0,1014.6,Not Seen
2021-09-11,18:45:00,125.13,-52.21,250.26,-65.76,64.76,62.56,,26.96,373565.93,22.0,45.5,53.6,66.4,1008.3,Not Seen
2021-09-12,18:45:00,151.59,-39.12,247.58,-65.84,65.69,75.8,,37.73,373149.09,21.39,37.8,0.0,67.8,1005.2,Not Seen
2021-09-13,18:45:00,177.91,-26.01,245.94,-65.92,66.63,88.96,,49.09,373104.17,20.59,53.3,15.8,72.4,1011.1,Not Seen
2021-09-14,18:45:00,204.02,-12.93,244.83,-65.99,67.58,102.01,,60.4,373386.63,21.91,16.3,66.4,79.7,1011.8,Not Seen
2021-09-15,18:45:00,229.86,0.08,244.04,-66.05,68.54,114.93,,71.07,373996.57,21.12,56.5,1.6,78.2,1014.0,Not Seen
2021-09-16,18:45:00,255.38,13.02,243.45,-66.11,69.51,127.69,,80.57,374973.84,20.1,71.6,4.3,83.5,1012.9,Seen
2021-09-17,18:45:00,280.53,25.84,243.02,-66.17,70.48,140.26,2.29,88.45,376379.23,18.34,73.0,62.6,61.7,1019.2,Not Seen
2021-09-18,18:45:00,305.19,38.52,242.68,-66.21,71.46,152.6,1.61,94.39,378266.42,18.28,63.4,2.8,60.2,1017.1,Seen
2021-09-19,18:45:00,329.07,51.04,242.43,-66.26,72.44,164.54,1.29,98.19,380651.92,18.9,49.6,39.6,84.9,1008.2,Seen
2021-09-20,18:45:00,349.3,63.35,242.21,-66.29,73.43,174.65,1.12,99.78,383491.18,17.16,86.7,27.5,89.9,1008.3,Seen
2021-09-21,18:45:00,339.69,75.44,241.9,-66.32,74.41,169.85,1.03,99.22,386667.42,16.0,71.8,14.9,61.5,999.3,Seen
2021-09-22,18:45:00,317.78,87.3,239.38,-66.35,75.41,158.89,1.0,96.65,389995.67,16.0,63.2,43.5,94.9,1005.8,Seen
2021-09-23,18:45:00,295.5,81.08,63.54,-66.37,76.4,147.75,1.01,92.29,393239.8,16.0,36.1,30.2,72.6,1021.4,Seen
2021-09-24,18:45:00,273.43,69.67,63.16,-66.38,77.39,136.71,1.07,86.4,396137.7,18.19,36.9,52.1,85.1,1010.7,Not Seen
2021-09-25,18:45:00,251.6,58.43,63.23,-66.39,78.39,125.8,1.17,79.25,398429.39,16.78,60.5,24.3,88.8,1014.7,Seen
2021-09-26,18:45:00,229.93,47.32,63.45,-66.39,79.39,114.97,1.36,71.11,399884.69,17.28,53.2,32.2,82.7,1016.0,Seen
2021-09-27,18:45:00,208.31,36.25,63.77,-66.38,80.38,104.15,1.69,62.23,400328.63,17.81,78.9,63.0,71.3,1007.2,Not Seen
2021-09-28,18:45:00,186.57,25.17,64.19,-66.38,81.37,93.28,2.35,52.86,399662.95,19.09,78.9,3.5,76.7,1016.1,Seen
2021-09-29,18:45:00,164.56,13.98,64.72,-66.36,82.36,82.28,,43.28,397881.61,20.38,81.7,18.9,84.8,1005.1,Seen
2021-09-30,18:45:00,142.11,2.6,65.39,-66.34,83.35,71.05,,33.77,395078.54,21.74,46.0,8.5,73.6,1011.5,Not Seen
2021-10-01,18:45:00,119.07,-9.02,66.23,-66.32,84.33,59.53,,24.65,391446.4,20.6,52.3,23.6,82.0,1010.8,Not Seen
2021-10-02,18:45:00,95.32,-20.96,67.31,-66.29,85.31,47.66,,16.32,387265.5,21.22,56.4,67.8,87.3,1006.1,Not Seen
2021-10-03,18:45:00,70.82,-33.24,68.79,-66.25,86.29,35.41,,9.25,382881.85,20.08,70.2,79.5,60.6,1009.0,Not Seen
2021-10-04,18:45:00,45.61,-45.84,70.96,-66.21,87.26,22.8,,3.91,378672.86,22.0,31.7,44.1,68.8,1006.0,Not Seen
2021-10-05,18:45:00,20.27,-58.71,74.66,-66.17,88.22,10.13,,0.78,375002.25,22.0,62.3,41.4,69.0,1010.4,Not Seen
2021-10-06,18:45:00,11.25,-71.61,83.06,-66.12,89.18,5.63,,0.24,372170.03,22.0,66.8,75.5,69.3,1012.0,Not Seen
2021-10-07,18:45:00,36.28,-82.93,121.35,-66.07,90.13,18.14,,2.49,370368.99,22.0,62.1,45.2,68.7,1014.7,Not Seen
2021-10-08,18:45:00,63.41,-78.69,214.37,-66.02,91.08,31.7,,7.46,369660.13,22.0,13.6,57.7,61.2,1011.9,Not Seen
2021-10-09,18:45:00,90.69,-66.06,232.27,-65.96,92.01,45.35,,14.86,369974.71,22.0,21.8,60.7,83.9,1013.4,Not Seen
2021-10-10,18:45:00,117.78,-52.89,238.22,-65.89,92.94,58.89,,24.17,371142.43,22.0,84.1,13.2,70.9,1013.6,Not Seen
2021-10-11,18:45:00,144.47,-39.76,241.57,-65.83,93.86,72.24,,34.75,372936.78,21.81,30.2,63.0,93.2,1008.0,Not Seen
2021-10-12,18:45:00,170.67,-26.81,244.02,-65.76,94.77,85.33,,45.93,375124.58,22.0,34.5,38.6,87.8,1005.9,Not Seen
2021-10-13,18:45:00,196.32,-14.07,246.15,-65.68,95.67,98.16,,57.1,377506.98,22.0,43.3,91.3,82.1,1013.2,Not Seen
2021-10-14,18:45:00,221.44,-1.57,248.21,-65.61,96.57,110.72,,67.69,379943.98,19.15,83.3,91.7,63.9,1000.4,Not Seen
2021-10-15,18:45:00,246.06,10.71,250.38,-65.53,97.45,123.03,,77.25,382359.96,19.94,40.2,14.9,63.4,1012.7,Seen
2021-10-16,18:45:00,270.19,22.75,252.86,-65.44,98.32,135.09,2.59,85.41,384732.84,18.43,37.8,51.3,65.1,1009.0,Not Seen
2021-10-17,18:45:00,293.86,34.55,255.91,-65.36,99.18,146.93,1.76,91.9,387072.39,19.82,41.7,58.2,81.0,1017.8,Not Seen
2021-10-18,18:45:00,317.07,46.07,260.02,-65.27,100.03,158.54,1.39,96.53,389393.97,16.9,70.6,0.0,91.8,1007.3,Seen
2021-10-19,18:45:00,339.59,57.19,266.24,-65.19,100.87,169.79,1.19,99.21,391693.7,17.1,62.8,66.2,66.1,1016.8,Not Seen
2021-10-20,18:45:00,353.35,67.61,277.46,-65.1,101.7,176.68,1.08,99.92,393930.39,16.27,82.6,100.0,64.7,1009.2,Not Seen
2021-10-21,18:45:00,333.93,76.12,302.97,-65.01,102.52,166.96,1.03,98.71,396017.0,16.0,59.3,58.1,74.8,1013.8,Not Seen
2021-10-22,18:45:00,312.2,78.16,354.76,-64.91,103.33,156.1,1.02,95.71,397822.61,17.1,56.0,66.0,91.4,1015.5,Not Seen
2021-10-23,18:45:00,290.51,71.71,31.38,-64.82,104.13,145.25,1.05,91.08,399183.74,18.13,64.4,66.0,69.2,1000.3,Not Seen
2021-10-24,18:45:00,268.89,62.28,46.76,-64.73,104.91,134.45,1.13,85.01,399922.8,16.87,60.9,86.5,88.9,1011.1,Not Seen
2021-10-25,18:45:00,247.29,52.06,54.74,-64.63,105.69,123.64,1.27,77.7,399871.48,17.7,72.3,56.8,90.1,1001.9,Not Seen
2021-10-26,18:45:00,225.58,41.51,59.9,-64.54,106.45,112.79,1.51,69.37,398896.49,16.2,24.4,41.6,89.8,1009.1,Seen
2021-10-27,18:45:00,203.62,30.75,63.82,-64.44,107.21,101.81,1.96,60.23,396924.79,19.11,29.9,0.0,84.0,1002.7,Seen
2021-10-28,18:45:00,181.26,19.77,67.15,-64.35,107.95,90.63,2.96,50.55,393965.16,19.48,65.7,100.0,68.5,1010.0,Not Seen
2021-10-29,18:45:00,158.33,8.52,70.25,-64.25,108.68,79.17,,40.6,390123.62,18.92,52.7,49.7,71.9,1000.8,Seen
2021-10-30,18:45:00,134.68,-3.05,73.38,-64.16,109.4,67.34,,30.74,385610.53,19.59,60.9,19.9,72.8,1005.7,Not Seen
2021-10-31,18:45:00,110.17,-14.94,76.79,-64.07,110.11,55.09,,21.38,380736.69,20.37,48.5,93.2,61.6,1008.9,Not Seen
2021-11-01,18:45:00,84.74,-27.17,80.81,-63.97,110.8,42.37,,13.06,375894.33,20.33,103.5,27.4,67.7,1005.4,Not Seen
2021-11-02,18:45:00,58.4,-39.63,86.04,-63.88,111.49,29.2,,6.35,371519.11,21.05,53.3,35.3,71.9,1015.0,Not Seen
2021-11-03,18:45:00,31.28,-52.1,93.77,-63.79,112.17,15.64,,1.85,368033.58,22.0,61.8,34.6,60.7,1013.4,Not Seen
2021-11-04,18:45:00,4.73,-63.95,107.53,-63.7,112.83,2.36,,0.04,365781.05,22.0,34.3,78.6,60.0,1008.5,Not Seen
2021-11-05,18:45:00,25.19,-73.03,137.5,-63.61,113.48,12.6,,1.2,364966.0,22.0,57.4,95.0,86.6,1009.3,Not Seen
2021-11-06,18:45:00,53.29,-73.45,187.45,-63.53,114.13,26.64,,5.31,365618.85,22.0,52.2,14.2,74.4,1012.3,Not Seen
2021-11-07,18:45:00,81.18,-64.89,219.08,-63.44,114.76,40.59,,12.03,367596.33,22.0,56.7,54.2,86.2,997.4,Not Seen
2021-11-08,18:45:00,108.55,-53.42,233.64,-63.36,115.38,54.27,,20.8,370617.28,21.5,50.7,74.3,94.4,1012.7,Not Seen
2021-11-09,18:45:00,135.21,-41.33,241.88,-63.28,115.99,67.6,,30.95,374322.71,21.51,48.2,12.0,88.5,1009.9,Not Seen
2021-11-10,18:45:00,161.09,-29.25,247.58,-63.2,116.59,80.54,,41.78,378342.42,21.58,14.3,64.3,63.4,1007.5,Not Seen
2021-11-11,18:45:00,186.19,-17.35,252.13,-63.13,117.17,93.09,,52.7,382351.03,20.63,60.7,18.2,76.0,1003.4,Not Seen
2021-11-12,18:45:00,210.57,-5.72,256.18,-63.05,117.75,105.29,,63.18,386102.68,20.17,53.7,41.8,85.7,1003.2,Not Seen
2021-11-13,18:45:00,234.33,5.64,260.1,-62.98,118.32,117.16,,72.83,389442.19,20.47,13.0,74.1,64.3,1007.0,Not Seen
2021-11-14,18:45:00,257.56,16.73,264.19,-62.91,118.87,128.78,3.47,81.32,392297.51,20.25,61.3,38.3,85.4,1009.4,Seen
2021-11-15,18:45:00,280.36,27.54,268.76,-62.85,119.42,140.18,2.16,88.4,394660.52,18.27,69.3,33.6,63.0,1004.6,Seen
2021-11-16,18:45:00,302.82,38.04,274.25,-62.79,119.95,151.41,1.62,93.9,396562.35,16.36,78.3,55.0,74.4,1007.4,Not Seen
2021-11-17,18:45:00,325.0,48.11,281.44,-62.73,120.47,162.5,1.34,97.69,398047.81,16.0,23.6,34.1,73.8,1010.6,Seen
2021-11-18,18:45:00,346.96,57.49,291.81,-62.67,120.99,173.48,1.19,99.68,399152.31,16.13,79.3,45.8,88.9,1011.4,Seen
2021-11-19,18:45:00,351.16,65.51,308.36,-62.62,121.49,175.58,1.1,99.85,399884.37,16.99,62.5,28.8,67.9,1005.1,Seen
2021-11-20,18:45:00,329.48,70.53,335.31,-62.57,121.98,164.74,1.06,98.24,400216.07,16.98,63.2,37.0,93.9,1013.2,Seen
2021-11-21,18:45:00,307.83,70.21,8.81,-62.53,122.46,153.91,1.06,94.91,400083.01,16.0,48.6,56.5,91.9,1012.3,Not Seen
2021-11-22,18:45:00,286.16,64.77,34.51,-62.48,122.93,143.08,1.11,89.97,399393.76,16.47,86.8,33.8,65.2,1004.3,Seen
2021-11-23,18:45:00,264.38,56.61,50.25,-62.45,123.4,132.19,1.2,83.58,398047.59,17.99,79.3,10.0,65.0,1011.3,Seen
2021-11-24,18:45:00,242.39,47.18,60.33,-62.41,123.85,121.19,1.36,75.9,395957.99,17.9,57.1,31.2,93.2,1004.6,Seen
2021-11-25,18:45:00,220.05,37.07,67.51,-62.38,124.29,110.03,1.66,67.12,393078.63,17.92,63.8,46.6,92.5,1006.1,Seen
2021-11-26,18:45:00,197.24,26.47,73.21,-62.36,124.72,98.62,2.24,57.49,389428.46,19.81,32.9,53.3,73.2,1019.2,Not Seen
2021-11-27,18:45:00,173.79,15.46,78.13,-62.34,125.14,86.89,3.75,47.29,385112.91,18.94,45.5,9.6,60.3,1013.4,Seen
2021-11-28,18:45:00,149.56,4.03,82.75,-62.32,125.55,74.78,,36.88,380338.18,19.71,63.4,63.8,94.5,1019.6,Not Seen
2021-11-29,18:45:00,124.45,-7.78,87.41,-62.31,125.95,62.23,,26.7,375413.89,20.07,41.0,34.8,69.3,1010.8,Not Seen
2021-11-30,18:45:00,98.39,-19.94,92.51,-62.3,126.34,49.2,,17.33,370737.43,18.39,57.9,86.9,60.5,1012.3,Not Seen
2021-12-01,18:45:00,71.41,-32.34,98.59,-62.3,126.72,35.7,,9.4,366754.33,21.57,48.7,64.2,91.5,1011.7,Not Seen
2021-12-02,18:45:00,43.64,-44.71,106.69,-62.3,127.09,21.82,,3.58,363895.26,21.89,53.1,43.0,91.5,1010.2,Not Seen
2021-12-03,18:45:00,15.37,-56.48,119.08,-62.31,127.45,7.69,,0.45,362500.95,21.86,23.9,55.4,86.0,1017.6,Not Seen
2021-12-04,18:45:00,13.47,-66.22,141.01,-62.32,127.8,6.73,,0.34,362754.69,22.0,43.9,73.3,89.9,1015.5,Not Seen
2021-12-05,18:45:00,41.81,-70.39,178.22,-62.33,128.14,20.91,,3.29,364643.21,21.95,87.2,16.0,88.4,1013.2,Not Seen
2021-12-06,18:45:00,69.75,-66.11,214.55,-62.35,128.47,34.88,,8.98,367958.34,22.0,80.5,83.5,77.0,1007.7,Not Seen
2021-12-07,18:45:00,96.97,-56.85,235.58,-62.38,128.78,48.49,,16.86,372338.83,22.0,52.7,53.0,92.4,1008.0,Not Seen
2021-12-08,18:45:00,123.3,-45.99,247.52,-62.4,129.09,61.65,,26.26,377338.98,21.22,71.8,21.6,88.0,1009.8,Not Seen
2021-12-09,18:45:00,148.68,-34.77,255.38,-62.44,129.38,74.34,,36.5,382503.88,21.18,55.2,72.9,78.7,1012.2,Not Seen
2021-12-10,18:45:00,173.17,-23.6,261.29,-62.48,129.67,86.59,,47.02,387432.08,21.0,96.3,17.0,78.3,1011.0,Not Seen
2021-12-11,18:45:00,196.86,-12.62,266.22,-62.52,129.94,98.43,,57.33,391814.6,19.3,66.1,11.9,64.2,1022.4,Not Seen
2021-12-12,18:45:00,219.89,-1.84,270.68,-62.57,130.2,109.94,,67.06,395449.17,20.81,47.2,19.4,70.9,1015.0,Not Seen
2021-12-13,18:45:00,242.39,8.72,275.02,-62.62,130.45,121.2,,75.9,398235.95,19.5,50.9,29.1,62.6,1010.3,Seen
2021-12-14,18:45:00,264.5,19.1,279.53,-62.68,130.69,132.25,3.06,83.62,400161.88,17.95,55.3,0.0,86.1,1008.2,Seen
2021-12-15,18:45:00,286.35,29.28,284.53,-62.74,130.92,143.17,2.04,90.02,401279.11,19.11,36.9,39.7,69.0,1011.5,Seen
2021-12-16,18:45:00,308.01,39.23,290.49,-62.8,131.13,154.01,1.58,94.94,401680.38,17.03,48.2,21.3,60.8,1011.9,Seen
2021-12-17,18:45:00,329.52,48.83,298.23,-62.88,131.34,164.76,1.33,98.24,401473.7,17.38,63.8,61.1,75.3,1011.0,Not Seen
2021-12-18,18:45:00,350.37,57.78,309.3,-62.95,131.53,175.19,1.18,99.82,400759.14,17.17,59.9,73.9,75.6,1012.2,Not Seen
2021-12-19,18:45:00,346.01,65.33,326.7,-63.03,131.71,173.01,1.1,99.63,399610.99,18.13,45.6,62.0,90.8,1014.5,Not Seen
2021-12-20,18:45:00,324.66,69.77,354.01,-63.12,131.87,162.33,1.07,97.64,398067.97,16.0,52.5,0.2,60.3,1008.4,Seen
2021-12-21,18:45:00,302.78,68.88,26.28,-63.21,132.03,151.39,1.07,93.9,396133.15,16.0,48.0,18.3,90.0,1006.1,Seen
2021-12-22,18:45:00,280.62,63.06,50.72,-63.3,132.17,140.31,1.12,88.48,393783.4,16.0,54.0,59.9,66.0,1008.0,Not Seen
2021-12-23,18:45:00,258.13,54.55,65.98,-63.4,132.3,129.07,1.23,81.51,390987.11,17.8,66.0,83.0,61.7,1016.0,Not Seen
2021-12-24,18:45:00,235.24,44.69,75.92,-63.5,132.42,117.62,1.42,73.18,387727.54,17.76,28.7,98.5,72.6,1008.7,Not Seen
2021-12-25,18:45:00,211.83,34.04,83.1,-63.61,132.52,105.92,1.79,63.71,384028.59,18.23,67.8,26.0,84.1,1006.1,Seen
2021-12-26,18:45:00,187.8,22.83,88.8,-63.72,132.61,93.9,2.58,53.4,379979.28,17.54,56.7,35.7,62.4,1009.7,Seen
2021-12-27,18:45:00,163.05,11.13,93.73,-63.84,132.68,81.53,,42.63,375752.56,20.89,72.1,0.0,88.9,1016.1,Seen
2021-12-28,18:45:00,137.5,-0.99,98.37,-63.96,132.74,68.75,,31.88,371612.36,18.93,77.3,42.5,74.6,1012.3,Not Seen
2021-12-29,18:45:00,111.12,-13.49,103.07,-64.09,132.79,55.56,,21.72,367901.34,18.96,39.6,53.3,65.1,1010.6,Not Seen
2021-12-30,18:45:00,83.98,-26.26,108.3,-64.21,132.82,41.99,,12.84,365004.31,21.6,57.7,63.6,61.9,1013.4,Not Seen
2021-12-31,18:45:00,56.27,-39.11,114.76,-64.35,132.84,28.13,,5.91,363288.68,22.0,62.6,30.7,61.7,1015.2,Not Seen
2022-01-01,18:45:00,28.43,-51.69,123.89,-64.48,132.84,14.22,,1.53,363033.88,22.0,35.8,59.7,83.0,1000.2,Not Seen
2022-01-02,18:45:00,6.84,-63.2,139.27,-64.62,132.83,3.42,,0.09,364368.78,21.99,50.0,30.1,76.4,1012.4,Not Seen
2022-01-03,18:45:00,29.57,-71.38,169.26,-64.77,132.8,14.78,,1.66,367236.22,22.0,73.2,57.2,80.5,1012.9,Not Seen
2022-01-04,18:45:00,56.66,-71.56,213.2,-64.92,132.76,28.33,,5.99,371395.84,22.0,57.6,0.7,82.8,1013.7,Not Seen
2022-01-05,18:45:00,83.2,-64.06,242.88,-65.07,132.7,41.6,,12.61,376464.19,22.0,87.0,100.0,70.8,1016.0,Not Seen
2022-01-06,18:45:00,108.87,-53.76,257.94,-65.22,132.62,54.43,,20.92,381979.18,22.0,23.8,42.2,82.0,1011.6,Not Seen
2022-01-07,18:45:00,133.6,-42.79,266.7,-65.38,132.52,66.8,,30.3,387470.51,21.9,63.1,69.7,90.5,1006.8,Not Seen
2022-01-08,18:45:00,157.45,-31.77,272.66,-65.54,132.41,78.73,,40.23,392518.79,22.0,53.7,39.3,92.5,1012.7,Not Seen
2022-01-09,18:45:00,180.53,-20.88,277.24,-65.7,132.28,90.27,,50.23,396794.06,20.07,54.1,61.2,60.2,1009.0,Not Seen
2022-01-10,18:45:00,202.99,-10.14,281.09,-65.87,132.13,101.5,,59.97,400073.44,20.12,33.8,0.0,63.3,1006.5,Not Seen
2022-01-11,18:45:00,224.99,0.47,284.58,-66.03,131.96,112.5,,69.13,402242.87,20.3,44.9,27.9,70.5,1006.6,Not Seen
2022-01-12,18:45:00,246.68,10.99,287.96,-66.2,131.77,123.34,,77.48,403288.41,19.42,47.6,84.8,71.5,1013.9,Not Seen
2022-01-13,18:45:00,268.2,21.47,291.46,-66.38,131.56,134.1,2.73,84.8,403280.62,18.79,84.7,37.5,87.2,1004.6,Seen
2022-01-14,18:45:00,289.66,31.92,295.36,-66.55,131.33,144.83,1.89,90.87,402353.66,18.28,21.1,44.0,66.0,1012.4,Seen
2022-01-15,18:45:00,311.09,42.35,300.1,-66.73,131.08,155.55,1.48,95.52,400680.87,17.56,23.6,56.8,60.9,1011.6,Not Seen
2022-01-16,18:45:00,332.33,52.67,306.54,-66.9,130.82,166.16,1.26,98.55,398449.33,18.85,69.3,46.9,64.4,1007.4,Seen
2022-01-17,18:45:00,350.44,62.65,316.71,-67.08,130.52,175.22,1.13,99.83,395836.4,16.62,69.1,28.6,78.7,1006.7,Seen
2022-01-18,18:45:00,339.97,71.41,336.16,-67.26,130.21,169.98,1.06,99.24,392990.94,16.0,53.8,23.5,75.4,1017.7,Seen
2022-01-19,18:45:00,318.35,75.97,15.44,-67.44,129.88,159.18,1.03,96.73,390021.81,16.11,31.2,60.2,83.8,1005.1,Not Seen
2022-01-20,18:45:00,295.68,72.27,57.67,-67.62,129.52,147.84,1.05,92.33,386995.23,16.0,46.6,51.0,73.6,1015.3,Not Seen
2022-01-21,18:45:00,272.47,63.31,79.43,-67.81,129.14,136.24,1.12,86.11,383942.39,18.29,72.7,61.2,89.4,1002.3,Not Seen
2022-01-22,18:45:00,248.79,52.52,90.4,-67.99,128.74,124.39,1.26,78.24,380876.39,17.52,66.1,29.2,63.0,1009.9,Seen
2022-01-23,18:45:00,224.61,40.93,97.02,-68.17,128.31,112.3,1.53,68.98,377815.97,16.98,51.0,7.7,91.3,1006.7,Seen
2022-01-24,18:45:00,199.9,28.84,101.68,-68.35,127.85,99.95,2.07,58.64,374811.05,18.53,68.3,46.6,70.7,1017.4,Seen
2022-01-25,18:45:00,174.61,16.37,105.34,-68.54,127.38,87.31,3.55,47.65,371964.33,18.71,30.8,100.0,94.7,1009.1,Not Seen
2022-01-26,18:45:00,148.73,3.56,108.49,-68.72,126.87,74.36,,36.52,369442.04,19.42,35.4,31.1,66.4,1017.8,Seen
2022-01-27,18:45:00,122.27,-9.53,111.45,-68.9,126.35,61.14,,25.86,367467.76,21.96,40.7,60.2,92.2,1010.7,Not Seen
2022-01-28,18:45:00,95.33,-22.84,114.5,-69.08,125.79,47.66,,16.33,366295.84,22.0,76.0,28.5,61.0,1006.3,Not Seen
2022-01-29,18:45:00,68.09,-36.26,117.99,-69.25,125.21,34.04,,8.57,366166.8,20.25,62.9,46.6,85.8,1011.8,Not Seen
2022-01-30,18:45:00,40.94,-49.63,122.63,-69.43,124.6,20.47,,3.16,367253.6,20.94,82.0,59.0,79.7,1007.5,Not Seen
2022-01-31,18:45:00,15.6,-62.69,130.29,-69.6,123.97,7.8,,0.46,369613.37,22.0,56.0,69.5,82.5,1014.3,Not Seen
2022-02-01,18:45:00,17.74,-74.66,148.28,-69.77,123.3,8.87,,0.6,373158.78,22.0,57.6,38.8,88.9,1001.0,Not Seen
2022-02-02,18:45:00,42.55,-80.89,207.67,-69.94,122.61,21.28,,3.41,377658.22,22.0,44.0,54.3,73.2,1014.7,Not Seen
2022-02-03,18:45:00,67.93,-73.75,260.05,-70.1,121.89,33.96,,8.53,382764.72,22.0,72.8,53.6,92.9,1009.6,Not Seen
2022-02-04,18:45:00,92.67,-62.62,275.53,-70.27,121.14,46.34,,15.48,388064.89,21.27,44.3,62.8,73.8,1009.8,Not Seen
2022-02-05,18:45:00,116.64,-51.14,282.23,-70.42,120.37,58.32,,23.74,393133.88,21.66,40.2,69.0,73.5,1001.2,Not Seen
2022-02-06,18:45:00,139.86,-39.78,286.11,-70.58,119.57,69.93,,32.84,397584.16,21.62,25.0,72.2,70.8,1004.5,Not Seen
2022-02-07,18:45:00,162.42,-28.62,288.77,-70.72,118.73,81.21,,42.36,401101.03,22.0,49.8,51.6,71.1,1008.0,Not Seen
2022-02-08,18:45:00,184.49,-17.62,290.8,-70.87,117.87,92.24,,51.96,403463.86,21.18,62.0,56.5,90.8,1015.3,Not Seen
2022-02-09,18:45:00,206.2,-6.73,292.45,-71.0,116.98,103.1,,61.33,404555.83,22.0,55.7,63.7,68.0,1013.2,Not Seen
2022-02-10,18:45:00,227.75,4.12,293.89,-71.14,116.07,113.87,,70.24,404364.31,19.04,46.5,41.2,72.2,1015.4,Seen
2022-02-11,18:45:00,249.26,15.02,295.21,-71.26,115.13,124.63,3.86,78.41,402973.64,19.87,67.9,75.4,70.4,1009.4,Not Seen
2022-02-12,18:45:00,270.88,26.03,296.5,-71.38,114.16,135.44,2.28,85.63,400550.85,18.7,45.7,71.1,77.1,1017.7,Not Seen
2022-02-13,18:45:00,292.69,37.2,297.87,-71.5,113.16,146.34,1.65,91.62,397325.69,17.79,21.8,28.6,73.4,1003.6,Seen
2022-02-14,18:45:00,314.66,48.58,299.5,-71.6,112.14,157.33,1.33,96.14,393566.51,18.52,55.6,52.0,76.7,1017.5,Not Seen
2022-02-15,18:45:00,336.33,60.18,301.82,-71.7,111.09,168.16,1.15,98.94,389553.61,18.15,58.6,0.0,69.3,1015.9,Seen
2022-02-16,18:45:00,349.86,71.97,306.44,-71.79,110.02,174.93,1.05,99.8,385551.75,16.0,71.2,18.1,82.1,1014.0,Seen
2022-02-17,18:45:00,332.7,83.55,326.65,-71.88,108.93,166.35,1.01,98.59,381784.76,16.0,66.9,73.6,88.3,1014.4,Not Seen
2022-02-18,18:45:00,309.49,82.46,91.53,-71.95,107.82,154.75,1.01,95.22,378416.48,16.0,32.0,3.0,89.0,1011.5,Seen
2022-02-19,18:45:00,285.31,70.31,107.79,-72.02,106.68,142.65,1.06,89.75,375543.04,17.94,38.1,0.0,64.9,1011.2,Seen
2022-02-20,18:45:00,260.59,57.63,111.77,-72.08,105.53,130.29,1.18,82.34,373199.25,16.61,42.8,19.8,68.6,1016.8,Seen
2022-02-21,18:45:00,235.45,44.73,113.61,-72.13,104.36,117.72,1.42,73.26,371378.02,16.2,60.8,70.9,80.0,1010.1,Not Seen
2022-02-22,18:45:00,209.94,31.67,114.66,-72.17,103.18,104.97,1.9,62.92,370057.4,17.43,68.5,28.7,62.4,1011.0,Seen
2022-02-23,18:45:00,184.11,18.48,115.3,-72.2,101.97,92.05,3.15,51.79,369227.47,20.34,10.0,45.6,63.3,1021.8,Seen
2022-02-24,18:45:00,157.98,5.19,115.69,-72.22,100.76,78.99,,40.45,368909.49,20.02,72.1,9.8,92.5,1007.8,Seen
2022-02-25,18:45:00,131.61,-8.18,115.85,-72.23,99.54,65.8,,29.51,369161.68,20.93,60.3,50.4,75.5,1001.2,Not Seen
2022-02-26,18:45:00,105.08,-21.57,115.8,-72.23,98.3,52.54,,19.59,370069.22,19.68,61.6,0.6,81.5,999.2,Not Seen
2022-02-27,18:45:00,78.54,-34.95,115.48,-72.23,97.06,39.27,,11.29,371719.78,20.58,53.0,50.5,70.8,1011.8,Not Seen
2022-02-28,18:45:00,52.23,-48.24,114.75,-72.21,95.82,26.12,,5.1,374169.92,21.6,48.9,50.8,65.9,1015.3,Not Seen
2022-03-01,18:45:00,26.75,-61.35,113.14,-72.18,94.57,13.38,,1.36,377411.39,22.0,32.1,6.9,85.9,1010.1,Not Seen
2022-03-02,18:45:00,9.67,-74.18,108.79,-72.14,93.32,4.83,,0.18,381347.13,22.0,18.2,50.0,89.8,1011.9,Not Seen
2022-03-03,18:45:00,28.09,-86.01,76.36,-72.1,92.06,14.04,,1.49,385784.94,22.0,52.3,32.1,67.1,1020.2,Not Seen
2022-03-04,18:45:00,52.02,-80.27,314.32,-72.04,90.81,26.01,,5.06,390450.83,22.0,10.0,59.8,78.2,1008.2,Not Seen
2022-03-05,18:45:00,75.77,-68.51,305.34,-71.97,89.57,37.88,,10.54,395017.91,22.0,28.7,100.0,89.8,1004.8,Not Seen
2022-03-06,18:45:00,98.96,-56.92,302.58,-71.89,88.33,49.48,,17.51,399142.81,22.0,49.2,0.0,82.5,1011.7,Not Seen
2022-03-07,18:45:00,121.59,-45.59,301.07,-71.81,87.1,60.8,,25.6,402501.8,22.0,26.2,38.5,76.8,1003.9,Not Seen
2022-03-08,18:45:00,143.75,-34.48,299.96,-71.71,85.87,71.87,,34.45,404821.59,21.3,52.6,7.6,71.2,1018.3,Not Seen
2022-03-09,18:45:00,165.56,-23.53,298.98,-71.6,84.66,82.78,,43.72,405903.17,21.13,53.3,41.6,91.5,1011.6,Not Seen
2022-03-10,18:45:00,187.19,-12.64,298.0,-71.49,83.46,93.6,,53.14,405638.47,21.94,30.9,41.8,85.7,1002.9,Not Seen
2022-03-11,18:45:00,208.81,-1.76,296.93,-71.36,82.27,104.4,,62.44,404019.98,21.13,28.1,9.9,78.2,1012.9,Not Seen
2022-03-12,18:45:00,230.56,9.21,295.67,-71.23,81.1,115.28,,71.35,401142.73,21.15,40.7,77.7,86.3,1022.7,Not Seen
2022-03-13,18:45:00,252.61,20.34,294.12,-71.09,79.94,126.3,2.88,79.6,397198.85,19.31,50.1,0.0,68.9,1007.6,Seen
2022-03-14,18:45:00,275.07,31.67,292.08,-70.94,78.8,137.53,1.9,86.88,392464.88,18.12,67.7,60.8,78.9,1005.6,Not Seen
2022-03-15,18:45:00,298.0,43.24,289.16,-70.78,77.68,149.0,1.46,92.86,387282.02,17.4,69.8,51.3,87.3,1008.8,Not Seen
2022-03-16,18:45:00,321.34,54.98,284.48,-70.62,76.57,160.67,1.22,97.18,382028.5,17.57,58.5,74.0,82.3,1006.4,Not Seen
2022-03-17,18:45:00,344.16,66.66,275.36,-70.44,75.48,172.08,1.09,99.52,377083.79,17.68,75.2,28.2,75.8,1009.4,Seen
2022-03-18,18:45:00,345.72,77.1,250.38,-70.26,74.41,172.86,1.03,99.61,372787.43,16.63,50.7,64.3,89.8,1002.6,Not Seen
2022-03-19,18:45:00,322.11,79.28,183.6,-70.07,73.37,161.05,1.02,97.29,369399.4,16.0,62.7,36.7,76.0,1009.1,Seen
2022-03-20,18:45:00,296.66,69.8,146.45,-69.88,72.34,148.33,1.07,92.56,367072.2,18.72,71.8,25.6,73.4,1022.5,Seen
2022-03-21,18:45:00,270.71,57.5,134.14,-69.68,71.33,135.35,1.19,85.57,365843.23,16.97,42.1,78.0,71.7,1005.4,Not Seen
2022-03-22,18:45:00,244.51,44.59,128.02,-69.47,70.34,122.25,1.42,76.68,365649.86,19.39,76.5,47.1,78.9,1011.5,Seen
2022-03-23,18:45:00,218.2,31.51,123.99,-69.26,69.37,109.1,1.91,66.36,366362.24,18.51,25.6,64.7,85.0,1003.4,Not Seen
2022-03-24,18:45:00,191.9,18.43,120.79,-69.05,68.43,95.95,3.16,55.18,367822.98,19.87,64.4,58.7,71.6,1001.6,Not Seen
2022-03-25,18:45:00,165.66,5.43,117.87,-68.82,67.5,82.83,,43.76,369882.8,19.72,55.0,27.3,76.4,1009.1,Seen
2022-03-26,18:45:00,139.54,-7.43,114.91,-68.6,66.59,69.77,,32.71,372423.95,21.33,40.1,26.4,68.4,1025.0,Not Seen
2022-03-27,18:45:00,113.59,-20.09,111.6,-68.37,65.7,56.79,,22.62,375367.72,21.58,80.2,34.6,94.7,1003.4,Not Seen
2022-03-28,18:45:00,87.88,-32.49,107.57,-68.13,64.84,43.94,,14.0,378666.38,21.67,18.3,17.2,73.2,1009.1,Not Seen
2022-03-29,18:45:00,62.51,-44.5,102.16,-67.89,63.99,31.26,,7.26,382283.29,22.0,83.8,43.3,76.1,1007.3,Not Seen
2022-03-30,18:45:00,37.64,-55.89,93.97,-67.65,63.16,18.82,,2.67,386167.46,22.0,30.0,35.7,61.1,1011.4,Not Seen
2022-03-31,18:45:00,14.08,-66.09,79.59,-67.41,62.35,7.04,,0.38,390230.5,22.0,87.1,58.8,67.5,1007.0,Not Seen
2022-04-01,18:45:00,13.71,-73.33,51.17,-67.16,61.57,6.86,,0.36,394332.97,22.0,61.4,56.0,87.1,1013.5,Not Seen
2022-04-02,18:45:00,36.22,-73.77,8.72,-66.91,60.79,18.11,,2.48,398283.71,22.0,41.7,40.2,76.7,1009.3,Not Seen
2022-04-03,18:45:00,59.11,-67.45,339.05,-66.65,60.04,29.55,,6.51,401851.34,22.0,39.4,24.0,65.9,1009.9,Not Seen
2022-04-04,18:45:00,81.65,-58.44,323.89,-66.4,59.31,40.83,,12.16,404784.32,22.0,86.1,62.4,77.1,1005.5,Not Seen
2022-04-05,18:45:00,103.82,-48.62,315.14,-66.14,58.59,51.91,,19.15,406835.16,22.0,44.6,24.1,79.3,1008.2,Not Seen
2022-04-06,18:45:00,125.69,-38.55,309.18,-65.88,57.89,62.85,,27.18,407785.67,21.61,17.5,18.9,69.2,1007.7,Not Seen
2022-04-07,18:45:00,147.39,-28.37,304.56,-65.62,57.21,73.7,,35.96,407471.2,22.0,50.8,67.3,67.4,1004.8,Not Seen
2022-04-08,18:45:00,169.08,-18.11,300.57,-65.36,56.54,84.54,,45.24,405802.07,20.64,59.8,81.8,79.1,1011.6,Not Seen
2022-04-09,18:45:00,190.9,-7.75,296.82,-65.1,55.89,95.45,,54.75,402780.48,20.51,67.1,13.1,84.4,1020.7,Not Seen
2022-04-10,18:45:00,213.04,2.76,293.02,-64.84,55.25,106.52,,64.22,398511.19,20.17,50.1,54.7,68.5,1007.3,Not Seen
2022-04-11,18:45:00,235.65,13.45,288.89,-64.58,54.63,117.83,,73.34,393205.21,18.82,29.0,34.0,74.8,1012.8,Seen
2022-04-12,18:45:00,258.87,24.32,284.07,-64.31,54.03,129.44,2.43,81.76,387175.79,19.86,43.5,91.5,86.9,1017.6,Not Seen
2022-04-13,18:45:00,282.81,35.31,278.01,-64.05,53.44,141.4,1.73,89.08,380824.77,18.11,59.7,33.0,90.2,1013.5,Seen
2022-04-14,18:45:00,307.49,46.22,269.62,-63.79,52.86,153.74,1.38,94.84,374615.4,16.96,93.5,79.4,77.8,1011.2,Not Seen
2022-04-15,18:45:00,332.82,56.51,256.67,-63.53,52.3,166.41,1.2,98.6,369028.89,16.68,67.8,32.6,84.4,1007.0,Seen
2022-04-16,18:45:00,355.41,64.72,234.77,-63.27,51.74,177.7,1.11,99.96,364506.64,16.0,67.3,22.1,78.6,1018.5,Seen
2022-04-17,18:45:00,333.44,67.75,201.14,-63.01,51.21,166.72,1.08,98.66,361388.19,17.49,22.9,14.5,71.3,1004.8,Seen
2022-04-18,18:45:00,306.53,63.38,168.82,-62.75,50.68,153.27,1.12,94.66,359861.28,17.66,69.2,17.8,84.5,1008.1,Seen
2022-04-19,18:45:00,279.36,54.18,148.36,-62.49,50.16,139.68,1.23,88.12,359940.13,16.13,17.2,42.2,90.8,1002.3,Seen
2022-04-20,18:45:00,252.22,42.99,135.88,-62.23,49.66,126.11,1.47,79.47,361479.66,17.59,59.3,0.0,83.5,1012.9,Seen
2022-04-21,18:45:00,225.32,31.11,127.29,-61.98,49.17,112.66,1.94,69.26,364220.06,18.67,41.5,51.2,62.3,1004.0,Not Seen
2022-04-22,18:45:00,198.76,19.07,120.58,-61.73,48.69,99.38,3.06,58.15,367846.55,18.66,73.5,17.9,69.9,1008.0,Seen
2022-04-23,18:45:00,172.63,7.15,114.74,-61.48,48.22,86.31,,46.79,372046.36,19.96,79.5,29.3,87.0,1003.3,Seen
2022-04-24,18:45:00,146.95,-4.54,109.16,-61.23,47.76,73.47,,35.78,376550.09,20.81,35.8,60.7,76.5,1008.5,Not Seen
2022-04-25,18:45:00,121.71,-15.87,103.4,-60.98,47.3,60.86,,25.65,381151.84,21.0,62.5,46.0,94.6,1016.3,Not Seen
2022-04-26,18:45:00,96.92,-26.77,97.0,-60.74,46.86,48.46,,16.84,385709.34,21.15,42.4,38.0,75.1,1010.3,Not Seen
2022-04-27,18:45:00,72.55,-37.09,89.35,-60.5,46.43,36.28,,9.69,390128.95,22.0,58.9,51.4,85.8,1021.2,Not Seen
2022-04-28,18:45:00,48.61,-46.58,79.58,-60.26,46.01,24.3,,4.43,394342.32,22.0,36.5,16.5,82.7,1008.8,Not Seen
2022-04-29,18:45:00,25.1,-54.79,66.28,-60.03,45.59,12.55,,1.19,398282.12,22.0,41.6,28.6,66.2,1014.3,Not Seen
2022-04-30,18:45:00,2.87,-60.86,47.78,-59.8,45.19,1.43,,0.02,401862.81,22.0,56.7,49.5,60.9,1006.9,Not Seen
2022-05-01,18:45:00,21.03,-63.57,24.05,-59.57,44.79,10.51,,0.84,404970.16,21.98,72.4,22.7,86.8,1011.5,Not Seen
2022-05-02,18:45:00,43.38,-62.15,359.68,-59.34,44.4,21.69,,3.54,407460.42,22.0,26.1,11.0,88.1,1008.1,Not Seen
2022-05-03,18:45:00,65.46,-57.3,339.97,-59.12,44.02,32.73,,7.94,409167.98,22.0,41.0,100.0,86.7,1007.4,Not Seen
2022-05-04,18:45:00,87.32,-50.38,325.65,-58.9,43.65,43.66,,13.83,409920.02,20.94,76.9,13.1,73.2,1006.2,Not Seen
2022-05-05,18:45:00,109.05,-42.33,315.11,-58.69,43.28,54.53,,20.98,409556.19,22.0,49.9,47.6,88.1,998.0,Not Seen
2022-05-06,18:45:00,130.77,-33.63,306.87,-58.48,42.92,65.39,,29.18,407951.68,20.29,49.2,44.1,88.0,1007.8,Not Seen
2022-05-07,18:45:00,152.63,-24.52,299.96,-58.27,42.57,76.31,,38.17,405041.04,21.47,71.0,34.4,83.8,1006.9,Not Seen
2022-05-08,18:45:00,174.77,-15.08,293.76,-58.07,42.23,87.38,,47.72,400839.87,21.19,65.6,83.0,67.0,1015.1,Not Seen
2022-05-09,18:45:00,197.37,-5.34,287.83,-57.87,41.9,98.68,,57.55,395462.3,20.53,51.9,40.9,78.7,1011.3,Not Seen
2022-05-10,18:45:00,220.59,4.67,281.8,-57.68,41.57,110.29,,67.34,389132.87,18.79,30.1,40.7,64.1,1013.6,Seen
2022-05-11,18:45:00,244.56,14.93,275.28,-57.49,41.25,122.28,,76.7,382190.67,18.24,18.8,35.2,90.1,1006.5,Seen
2022-05-12,18:45:00,269.4,25.34,267.75,-57.3,40.93,134.7,2.34,85.17,375081.46,18.54,44.3,34.7,81.4,1013.6,Seen
2022-05-13,18:45:00,295.14,35.66,258.42,-57.12,40.62,147.57,1.72,92.2,368331.1,17.17,88.3,5.7,89.1,1008.4,Seen
2022-05-14,18:45:00,321.75,45.39,245.98,-56.94,40.32,160.87,1.4,97.24,362494.78,19.76,31.9,75.3,79.8,1009.3,Not Seen
2022-05-15,18:45:00,349.08,53.51,228.45,-56.77,40.03,174.54,1.24,99.77,358084.0,17.55,46.9,47.1,82.4,1005.0,Seen
